269a0bc5-2904-336c-90db-f7750273a4f8,Ms.,Catherine,Veum,"94A Steuber Station","Apt. 247",Silay,Wyoming,Philippines,710-103-430,612-954-129,"Stamm and Sons",borer.com,Dancer,blue,1994-07-30,hayes.colten@hotmail.com,xeys1-bkO{f'&Awg
72b4fef5-3938-3b0f-9ffb-711dca590500,Dr.,Earline,Konopelski,"76A/64 Franecki Expressway","Apt. 509",Tagum,Tennessee,Philippines,721-871-195,134-163-570,"Lowe, Leuschke and Lakin",hill.com,"Administrative Services Manager",white,1993-10-04,abel95@hotmail.com,",qRT6MH{+/9@#q"
b28302f7-eda8-3f15-ab68-1f761dbc91a4,Prof.,Hardy,Fadel,"79A/40 Kunde Knolls","Suite 475",Kabankalan,Massachusetts,Philippines,219-844-196,265-597-173,Watsica-Gottlieb,borer.com,"Agricultural Science Technician",purple,1998-03-08,jolson@stokes.com,"E\H%X5z))5+SoPq""5'"
00b527b7-92fa-3f50-a47f-cca8e8c3bb22,Dr.,Hassan,Hagenes,"65/10 Conn Stravenue Apt. 800","Apt. 484",Guihulngan,"North Carolina",Philippines,148-233-893,836-357-191,"Bruen LLC",howe.com,"Psychiatric Technician",yellow,1970-02-23,christian27@hotmail.com,bbq3`dIJ1N|'
fba48c9b-c896-31ed-9786-8af6472fae87,Prof.,Lillian,Rohan,"97/51 Hahn Lights","Apt. 388",Santiago,Mississippi,Philippines,371-801-385,018-160-050,"Ondricka LLC",keeling.org,Photographer,blue,1998-10-13,dave.rempel@von.com,"vax52iCm""_}.C_I3&D"
2a355636-8da0-37b6-a3cb-b81d02b2abff,Mr.,Mona,Lowe,"25 Marks Manors Suite 974","Suite 412",Makati,Hawaii,Philippines,833-585-921,832-618-674,Rau-Legros,hamill.com,"HR Manager",fuchsia,2008-06-01,charles.toy@fay.com,k6[{Kq]{>'*q9Ew
a517873b-8428-31c3-bb5c-86da9b5f0e55,Prof.,Jerome,McGlynn,"62A/42 Beahan Pass","Suite 329","La Carlota",Michigan,Philippines,564-959-381,964-725-447,"Ernser, Turner and Stamm",feest.com,"Adjustment Clerk",navy,1999-02-03,maxine48@hotmail.com,1^BPp#7t&V+a
24362dcf-b87a-3b51-9b24-fb29fea70955,Dr.,Destiny,Rippin,"39/86 Brown Prairie Suite 162","Suite 780",Tabaco,Wisconsin,Philippines,179-974-089,363-536-287,"Kovacek and Sons",ernser.net,Detective,navy,1977-06-09,naomie59@moen.net,{aXvmw
db4d612b-e28b-3967-8b71-7bb1e360a416,Mr.,Emile,Trantow,"84A/39 Altenwerth Club Suite 813","Suite 631",Tacurong,Iowa,Philippines,475-681-094,599-895-182,"Fadel, Walker and King",schaden.com,"Ship Pilot",black,1986-02-23,lincoln.dach@yahoo.com,X]?J?kot~
918ddbcb-e422-37a9-aaf9-6f40a6d615eb,Dr.,Maxine,Cruickshank,"32/50 Macejkovic Roads Suite 108","Suite 667",Candon,Maine,Philippines,065-360-134,966-072-874,"Tromp Inc",sanford.com,"Geography Teacher",gray,1974-11-18,boyle.etha@gmail.com,6z1*mxO
b3d0bbf6-e1ac-37e2-bd6e-0e225ada096c,Dr.,Jayme,Brakus,"09A Huel Meadow","Apt. 605",Pasig,Kentucky,Philippines,060-257-183,194-223-247,"Corwin, Mosciski and Braun",kris.com,"Carpenter Assembler and Repairer",purple,2003-09-27,xwiegand@heller.net,RU-V~+]65D
f64cbce2-c141-3e6c-a046-697359da294b,Mrs.,Kim,Turcotte,"09A Volkman Burgs Apt. 579","Suite 913",Oroquieta,Iowa,Philippines,723-773-890,620-979-792,"Becker, Dickinson and Reinger",williamson.com,"Telecommunications Line Installer",green,1999-06-13,jalen24@volkman.com,mf-$c|r1}|u3XjdK
f7211f41-bfad-3fc3-b191-4a8153676380,Ms.,Jessica,Schuster,"37 Kunde Center","Suite 081",Palayan,Oklahoma,Philippines,986-802-555,824-377-232,"Schmeler, Ondricka and Jakubowski",volkman.com,"Logging Equipment Operator",white,2011-06-06,wwalter@fisher.com,%+$3J7pvl
c3652999-3f67-30f0-bae8-1c1b528c6139,Mr.,Nakia,Green,"89 Bruen Hills","Apt. 957",Bais,Oklahoma,Philippines,132-094-580,074-654-796,"Walker LLC",runte.com,"Hoist and Winch Operator",yellow,2002-12-26,kailyn.murphy@hotmail.com,w[`wP-A=.Em
38347522-18ad-3b88-8d05-e5d64ca57015,Prof.,Grover,Langworth,"79A/81 Spencer Divide Apt. 696","Suite 273","San Juan",Illinois,Philippines,607-569-486,544-178-560,"Fadel LLC",willms.com,"Plating Machine Operator",blue,2013-01-06,ezekiel.hoppe@wisozk.com,K~/cI6zw[o+2sN[>
41f23057-db6b-3df6-b43a-6de25fea5d35,Dr.,Abbie,King,"77/66 Hirthe Terrace","Suite 194",Urdaneta,Iowa,Philippines,658-318-027,110-246-819,Borer-Howell,jast.com,"Loan Officer",blue,2007-03-03,mcclure.julian@blanda.biz,%{yYdw=
a39484c9-53b2-3ed8-82e7-9168842dd182,Prof.,Breanna,Beier,"32A/68 Muller Hills Suite 592","Suite 512",Tagaytay,"North Carolina",Philippines,702-577-303,101-382-341,"Johnston and Sons",medhurst.info,"Preschool Teacher",black,1971-07-18,eileen48@yahoo.com,B^rsT1
2afb1d55-7055-3b3d-82fc-c379e8848c3a,Mrs.,Antonette,Spinka,"21/55 Jaskolski Ranch","Apt. 699",Mandaluyong,Hawaii,Philippines,926-344-309,695-078-847,Ortiz-Cole,skiles.com,Boilermaker,black,2008-11-21,garett.stehr@yahoo.com,"AN?!vt&`""$|_Lx5Ccfu"
d9d5355d-4be0-3ac1-9275-eda6290887c6,Dr.,Kelvin,Harris,"46/69 Brekke Path Suite 987","Suite 584",Tacloban,Utah,Philippines,662-124-065,313-904-815,"Walsh LLC",pfannerstill.com,"Orthotist OR Prosthetist",purple,2014-07-04,gunnar08@johnson.com,.5M'#l0yFN.
176e0027-095e-3d27-9a3c-b1c36a55d78d,Mr.,Viva,Tillman,"25/95 Bruen Branch Suite 145","Apt. 794",Tacurong,Arkansas,Philippines,178-976-850,549-147-898,"Gibson, Heaney and Carter",baumbach.info,"License Clerk",gray,1976-05-01,gertrude.miller@gmail.com,"{;rbK\!XBL"
390788f4-e014-31d9-a69b-09214fdb8989,Dr.,Trycia,Beier,"16A/03 Heidenreich Ways Suite 500","Apt. 269",Bislig,Washington,Philippines,623-088-827,308-694-318,"Rippin, Jakubowski and Witting",conroy.com,"Aircraft Launch Specialist",black,1997-09-14,barrows.wendy@bednar.org,"F!`dv>MB~Jj*_8\lHh"
b1f5df16-6ec7-3407-a9d1-87d54dcbb45c,Mr.,Ken,Beahan,"75A Crona Lakes Apt. 712","Apt. 708",Naga,Ohio,Philippines,297-188-787,052-608-601,Koch-Morissette,denesik.com,"Mining Engineer OR Geological Engineer",yellow,1993-01-14,kayla.berge@gmail.com,+v}uZ7HEnoHv`k3_nciH
791fd16d-bce8-338f-81b6-70e39075e872,Mr.,Darren,Reilly,"96A Conroy Flats","Suite 672",Cabuyao,Mississippi,Philippines,785-608-761,621-902-602,"Nicolas, Toy and Pfeffer",waters.com,"Material Moving Worker",white,1993-12-26,bcrooks@oreilly.info,g<Q/%j?I@J@MK&m
aeac4f43-80f2-3349-a937-cea4fa09c73a,Dr.,Gino,Schneider,"43 Roberts Pike Apt. 572","Apt. 477",Talisay,Oregon,Philippines,994-832-649,976-832-398,Murray-Schoen,zulauf.com,Gauger,maroon,1987-10-24,koch.jordy@hotmail.com,L[N]%_nRhr
9ef4727d-311c-3e90-8250-b550f04a83ce,Dr.,Rachel,Hauck,"59 Hessel Underpass","Apt. 612",Urdaneta,Nevada,Philippines,693-844-083,307-467-739,"Reichel PLC",rosenbaum.com,"Forest and Conservation Worker",green,1994-10-17,simonis.merritt@yahoo.com,oiN*Wzx6Y<Ze*gD1#*M
fe477eb6-22f2-3669-9d4a-ad805057289b,Dr.,Alejandrin,Kessler,"17 Fisher Harbor","Suite 282",Iligan,Texas,Philippines,839-726-658,720-115-969,Windler-Hauck,hoeger.biz,"Air Crew Member",fuchsia,2018-10-08,homenick.hassan@mcglynn.com,b0nW?ffr=
e76c8c39-cd80-3d01-9f9e-bc1f15ee5899,Miss,Krystina,Mohr,"14A Morissette Turnpike","Apt. 769",Talisay,"Rhode Island",Philippines,432-638-453,355-724-105,Larkin-Cassin,considine.net,Machinist,navy,1991-08-12,sanford.kitty@abbott.com,Zr+=^}lGNU
288a959f-7a18-3327-bf7b-2187805e547e,Mrs.,Lorenzo,Gorczany,"96 Conn Stream Suite 724","Suite 975",Cabuyao,Colorado,Philippines,842-458-487,396-296-068,"Boyle, Fay and Schaefer",streich.biz,"Marking Clerk",aqua,1989-10-15,vrowe@becker.biz,!MxqCX
36b06564-6f29-35bd-a75a-1863d656ccca,Mr.,Vincent,Hauck,"57 Hill Parkway Suite 698","Suite 182",Alaminos,"West Virginia",Philippines,879-414-889,489-577-712,"Kuhic, Witting and Bradtke",jerde.biz,"Fraud Investigator",white,1999-11-28,fdach@marks.com,"f,<!qFJzDSCtaSa,Q0f"
f6a65bb5-d9fc-3d2f-aa01-a19d5b624e61,Ms.,Werner,Abbott,"90A Walker Trail","Suite 362",Calbayog,Montana,Philippines,122-691-357,258-868-548,"Flatley, Walter and Ortiz",lindgren.com,"Gaming Manager",fuchsia,2020-08-06,kelley55@hotmail.com,>$L_8$:7sGED6
32f8b12a-fed0-35d5-9ac0-94d9c5256297,Mr.,Yasmeen,O'Conner,"19 Tremblay Burg Apt. 687","Apt. 268",Butuan,Mississippi,Philippines,860-725-661,314-000-992,Wiegand-Ondricka,langworth.org,"Computer Operator",yellow,2004-09-01,okon.salma@yahoo.com,$E&n7:
da3da80a-0f3d-387c-88b6-3314cd4e74a3,Prof.,Margaret,Bernhard,"57A Morar Meadows","Suite 903",Bacoor,Montana,Philippines,324-685-350,031-400-524,"Gerlach, Graham and Bode",frami.com,"Appliance Repairer",olive,1988-07-30,qsanford@langworth.com,"Y,:GPwK_[J<w(TQ""uT"
32385283-3bf9-3149-9f5f-beaa1fa6e5ae,Prof.,Yvonne,Treutel,"37 Lueilwitz Burgs","Apt. 506","Quezon City",Virginia,Philippines,045-884-078,278-407-506,"Labadie, Reilly and King",renner.com,"Sawing Machine Setter",blue,1999-05-04,darrel86@gmail.com,s2CF8OTvUH{a6Y=(;L4L
693a7b96-7212-3fc7-a082-2c1e2244c5a5,Mr.,Lilla,Zboncak,"43A/21 Abernathy Square","Apt. 913",Bayawan,Maine,Philippines,502-494-474,360-582-433,"Spinka Ltd",hilpert.biz,"Agricultural Engineer",gray,2001-11-07,ydietrich@bradtke.com,Qt`A1||tQX`@!Sl<uv0$
968789ff-9204-3a02-aa9f-f7ef7e231702,Dr.,Kody,Sipes,"54A Lockman Dale Apt. 700","Suite 832","Batangas City","Rhode Island",Philippines,063-509-815,191-110-298,Carter-Spencer,gottlieb.com,"Furniture Finisher",aqua,1971-03-02,iconroy@turner.net,w&g}=5)JvnQLc
cedc3b11-5305-3a00-b0f7-3f5a3eb8e1d7,Dr.,Adrian,Klein,"75A Frami Rue Apt. 542","Suite 738",Tayabas,California,Philippines,818-327-018,196-733-435,"Romaguera, Pollich and Konopelski",nienow.com,Auditor,white,2016-12-09,yzulauf@hotmail.com,pwzdx<N$T3`}u/FU!
8eab92ce-9cba-32f6-94fe-a7b335b0f80d,Ms.,Timmothy,Rowe,"36A Grady Bridge Suite 850","Suite 837","Las Piñas",Iowa,Philippines,803-758-413,071-446-054,"Greenholt LLC",kling.net,"Woodworking Machine Setter",lime,1979-05-28,kris.cruz@gmail.com,"\?42)a`'"
2ffd77d8-7b08-30e8-9f5d-729ad1840916,Dr.,Delaney,Thompson,"65A/84 Hilpert Groves","Apt. 597",Roxas,Florida,Philippines,139-006-543,888-086-970,Kunde-Runolfsdottir,schoen.com,"First-Line Supervisor-Manager of Landscaping, Lawn Service, and Groundskeeping Worker",yellow,2000-01-09,berniece86@reichert.com,@xs}l#
7253952c-7d0f-3cf6-b798-9f2efdbe9d81,Ms.,Juwan,Adams,"87A Jerde Hills","Apt. 230",Bacolod,"North Carolina",Philippines,804-327-971,781-580-341,"Goodwin, Cronin and Padberg",welch.biz,"Surgical Technologist",silver,2006-02-19,krystal.kirlin@gmail.com,"{_s\fBtZ$"
aca56604-950d-32eb-8f49-47002b3c8525,Prof.,Berta,Schultz,"42A/06 Pouros Greens Apt. 904","Apt. 758",Malabon,Ohio,Philippines,617-352-307,781-572-921,Cormier-Roberts,jakubowski.com,"Advertising Manager OR Promotions Manager",white,2021-09-28,fae.wiegand@gutkowski.com,@6&xkH6-.<0E)&Q$
ad059765-222f-36ae-adf0-56385d18c653,Dr.,Aaliyah,Lakin,"68/12 Johns Dam","Apt. 409",Guihulngan,Mississippi,Philippines,675-590-983,107-629-165,"Little, Leffler and Schamberger",hammes.info,Engineer,gray,2022-12-27,cframi@corkery.com,"TQz|\>:\G"
57f75516-389f-31fc-b927-72f01b1238b4,Dr.,Aiyana,Beer,"75A Collier Views Suite 812","Suite 143",Imus,Arizona,Philippines,829-429-998,122-912-151,"Kutch, Becker and Schowalter",kiehn.net,"Plastic Molding Machine Operator",teal,2021-07-29,mweissnat@yahoo.com,w%m%tPSW
3ab12128-ea41-30c7-b764-dee746b87db5,Dr.,Freddy,Zulauf,"81A Spencer Port Suite 399","Apt. 074",Dipolog,Oklahoma,Philippines,279-142-960,300-942-724,Nicolas-Abbott,fahey.net,"Hoist and Winch Operator",white,2002-12-25,adurgan@leannon.biz,":^N?1^s+vZsmf?\R"
93f063a6-2097-3a4f-8ce2-be464eec388b,Mr.,Sharon,Blanda,"74/94 Connelly Pine","Suite 761",Talisay,Nevada,Philippines,694-460-000,269-208-578,"Gerhold PLC",crooks.com,Spotters,black,2004-09-25,daniel.torey@okon.biz,f9-[}hWsYv^(W'}m?W
16d1ed6f-dc77-3201-b88e-42038a84f404,Mr.,Sid,Cartwright,"41A/44 Will Valleys","Suite 059","San Jose",Nebraska,Philippines,953-465-309,783-139-292,"Brakus, Kutch and Trantow",bayer.com,Platemaker,teal,1986-02-15,jgreenfelder@gmail.com,meGQPG^P.:(1do^
8c826bbc-cc1a-35ff-b3cf-bd860d51259e,Prof.,Megane,Considine,"81 Ryan Pass Apt. 657","Apt. 551","Iloilo City",Ohio,Philippines,757-066-005,479-481-690,"Beatty Ltd",pagac.info,"Art Director",purple,1999-12-08,kellie.langworth@hotmail.com,9'R0lu:Sl'>>1Thpsp
21bd4401-79e1-3efc-a694-78fcf504831b,Dr.,Erick,Christiansen,"45 Jones Coves Apt. 616","Apt. 616",Antipolo,Florida,Philippines,833-718-955,527-041-473,Langworth-Armstrong,okuneva.com,"Legal Support Worker",lime,2023-08-05,fay.eleazar@gmail.com,"jvNHmS.wu>=|`,b"
7b38d6c0-7739-330d-98b8-5dbe1435dace,Miss,Hershel,Beer,"77A/43 Anderson Glen Suite 612","Suite 633",Legazpi,Washington,Philippines,406-964-311,298-193-377,"Kiehn, Abshire and Monahan",hodkiewicz.com,Chef,navy,1982-02-19,lazaro61@stanton.com,"bN\}a1$or0k6"
fc02ab16-e5ae-3896-9642-fa04ec69cf8a,Prof.,Delmer,Schuster,"37A/72 Windler Ranch Suite 216","Apt. 724",Victorias,Nebraska,Philippines,001-708-958,195-152-887,"Miller Ltd",emmerich.com,"Industrial Safety Engineer",navy,1975-06-27,rita.kerluke@yahoo.com,"q)4,j{X*6"
77205767-d7d1-3e90-b2c1-c80bf2af528b,Prof.,Britney,Kunde,"98/87 Graham Way","Suite 136","Tarlac City",Maryland,Philippines,951-233-419,429-928-892,"Jerde, Mraz and Flatley",osinski.com,"Maintenance Equipment Operator",black,2023-06-20,conner29@halvorson.com,"tQbCkXp/ZTeo|y,"
a548ddc2-3776-302b-83ad-7d385755529d,Miss,Edgar,Rosenbaum,"31/53 Will Tunnel Apt. 001","Suite 298",Mandaluyong,Wyoming,Philippines,317-616-151,363-668-679,"Langosh, Nolan and Altenwerth",boehm.com,"Production Manager",navy,1992-07-10,dennis78@yahoo.com,A|%~)i8Td^qN#
c7106451-9912-32d3-9edd-94a5c23b42f3,Miss,Rhea,Hudson,"41A Feil Rapids Apt. 508","Apt. 476",Olongapo,Michigan,Philippines,446-954-258,349-374-289,Kuhn-Champlin,mante.com,"Air Crew Member",green,1993-01-07,noemy07@yundt.com,N<Wck4*B0a.*
cfb5aa87-07c5-3fba-a1d9-ef116b80507d,Prof.,Loma,Rice,"22A Barrows Mission","Suite 689","Puerto Princesa",Hawaii,Philippines,993-752-597,201-712-870,"Blanda and Sons",fisher.biz,"Pressure Vessel Inspector",black,1987-07-24,ernser.tiana@herzog.com,X~U23S
34675dfd-eea4-3b51-b1bf-fa6e3bfc4210,Prof.,Virginie,Schuster,"40A/67 Daniel Orchard Apt. 851","Suite 249","Cagayan de Oro","District of Columbia",Philippines,933-330-595,860-416-833,"Ortiz Group",jacobi.com,"Fitness Trainer",green,1978-04-23,fmiller@schiller.net,"o{WNw,88_6=)2"
2394800e-b006-3734-a2cb-1e844d102b84,Ms.,Gerson,Dicki,"35/99 Boyle Unions Apt. 665","Apt. 430",Dipolog,Wisconsin,Philippines,539-207-140,026-323-303,"Brakus Ltd",kiehn.com,"Automotive Master Mechanic",teal,2010-11-23,yschimmel@hotmail.com,nvX|:m7Gg3?
cf79ccde-3b20-310c-9d22-fcb507020066,Mrs.,Leann,Lubowitz,"18 Breitenberg Pass","Apt. 078",Balanga,Maryland,Philippines,125-089-534,533-137-952,Homenick-Auer,collins.net,Brickmason,maroon,2008-09-28,farrell.tania@aufderhar.com,"#v>U""b]EERKxHh"
ae35833a-1194-3507-bb53-4f6cab1e01b9,Mrs.,Ludwig,Davis,"28A/03 Reichel Hills","Apt. 209",Taguig,Idaho,Philippines,891-369-364,471-924-725,"Goldner Ltd",reichel.net,"Psychiatric Technician",silver,2014-04-08,tracy84@hotmail.com,"jMMUxf:Nk-\+"
d0fcf69b-25db-31bf-bf56-2dfb4eed7861,Prof.,Columbus,Block,"20 Bayer Stream","Suite 095",Dipolog,"New Jersey",Philippines,372-582-143,115-169-786,"Mraz PLC",stroman.org,"Merchandise Displayer OR Window Trimmer",fuchsia,1980-03-23,pearlie11@gmail.com,",m4iy5Wp}"
eac3af6e-8358-3466-882c-00a99f046bee,Prof.,Stacey,Boehm,"71A Hane Inlet Suite 419","Apt. 584","Cavite City",Oklahoma,Philippines,435-354-835,458-738-049,"Krajcik, Harris and Feest",bergstrom.com,Lawyer,lime,2014-05-23,randall.reilly@hotmail.com,`58Ms_*3_KGvj4
d01548de-0039-3c80-b22c-eb1c76849940,Dr.,Noe,Paucek,"65/96 Jacobs Creek Apt. 316","Suite 581",Bogo,Illinois,Philippines,272-970-134,491-794-345,"Heaney, Heller and Frami",jenkins.com,Barber,aqua,1990-09-28,tess67@windler.biz,&[f%OQ(S{<G~Ac
402c64ca-6dae-3fbb-8148-0de9ee933092,Mr.,Khalil,Schultz,"91A Jenkins Fall Apt. 220","Apt. 849","San Pedro",Texas,Philippines,792-543-700,955-958-553,Parker-Cruickshank,jakubowski.com,"Probation Officers and Correctional Treatment Specialist",lime,1999-12-19,karianne74@parker.info,"""7FM.ob%NRLT3YD_v=b"
6a0e058a-abea-33c6-bf0f-1ef24036039c,Prof.,Vidal,Frami,"89/58 Ratke Inlet Apt. 756","Apt. 827","San Juan",Wyoming,Philippines,870-298-335,062-743-260,Frami-Ziemann,barrows.com,"Loan Counselor",fuchsia,2017-10-08,fcrooks@hotmail.com,"c~n~+D$c\3/Y"
79147b49-24fa-3751-a7b7-5efb6f728c04,Mr.,Mason,Bartoletti,"66A Rau Roads Apt. 889","Apt. 218",Calapan,Kansas,Philippines,092-635-486,718-283-512,Veum-O'Connell,breitenberg.info,"Music Arranger and Orchestrator",black,1987-10-02,jast.kenneth@yahoo.com,%:Ct*Z[bsx}=ze$
09ed336e-ce30-363c-a6ce-5036e88e78e7,Dr.,Elody,Smitham,"61A/40 Ledner Pines","Suite 106","Cebu City",Minnesota,Philippines,423-291-676,097-735-410,Hegmann-Haag,nienow.com,"Cooling and Freezing Equipment Operator",green,1993-11-19,klocko.dawn@thiel.com,wrgEmP'*:%
4f9b43bd-308e-34ee-8c17-95c5a5e5d825,Miss,Mariam,Sipes,"47A/72 Langworth Mountains Apt. 976","Apt. 932",Dumaguete,Kansas,Philippines,422-139-022,394-140-850,"Roberts, Schoen and Padberg",heaney.com,"Annealing Machine Operator",teal,1990-11-16,cordia.christiansen@gmail.com,B>+moIt@5nw;~<
ec5b5168-00a7-3b69-9116-4eec2ed8e940,Miss,Dennis,Konopelski,"84A/46 Macejkovic Walks","Apt. 986",Gingoog,"Rhode Island",Philippines,505-582-329,845-499-921,O'Reilly-Barton,frami.com,"Audio-Visual Collections Specialist",navy,2015-09-13,matilde33@yahoo.com,Gh[rDrTi|W?9-+/|
a876c067-2e04-3192-85a1-c975c0f58e68,Prof.,Kacey,Hauck,"72 Cruickshank Locks Apt. 214","Suite 083",Sagay,California,Philippines,184-775-075,642-217-566,"Hane Inc",goyette.com,"Food Preparation Worker",yellow,1974-03-24,fframi@yahoo.com,z-P1a9zFZlxe}`^fd
511721fc-7b6f-38d4-838f-a555d2a44367,Mrs.,Alessandro,Baumbach,"33A/73 Labadie Common","Apt. 738",Victorias,Oregon,Philippines,405-684-714,815-715-249,Smith-Stiedemann,pfannerstill.com,"Rail Transportation Worker",purple,2004-01-26,adrain06@gmail.com,",b3z7|k-hpI"
79331ad9-fd2c-37d0-985a-2e9247818f24,Dr.,Devin,Greenfelder,"56/74 Tremblay Way Apt. 864","Suite 038",Tagum,Colorado,Philippines,946-739-396,633-355-867,Deckow-Beier,kutch.biz,"Surveying Technician",silver,1986-01-06,hudson.pagac@gmail.com,u#'Z*7b-&
a69aca73-e7a1-3660-87e2-44841eda8b57,Miss,Emmitt,Oberbrunner,"61 Brakus Parkways Apt. 701","Suite 621",Digos,Hawaii,Philippines,162-593-331,446-000-708,Weimann-Wehner,orn.biz,"Medical Transcriptionist",navy,2016-10-17,bahringer.tatyana@gmail.com,M+?(Y~p#=
831b4a65-10c5-322b-a214-ed6b26482639,Prof.,Russel,Lind,"59A Rohan Ferry","Apt. 401","Masbate City",Tennessee,Philippines,024-164-915,809-519-112,Larson-Schiller,pouros.biz,"Computer Software Engineer",olive,1986-03-12,bernhard.hills@kessler.net,"#~sG,$d[Q""N/$wmRy"
265805cd-8920-3621-b6ae-73d9e0b4ce20,Miss,Brian,Mitchell,"72/92 Kunze Mountains","Apt. 891",Baybay,Ohio,Philippines,983-937-968,021-886-533,"Robel Inc",hermiston.com,"Philosophy and Religion Teacher",blue,2022-10-25,miller.miracle@erdman.com,n/j8DExq
4a02ee2e-6545-3014-ad60-e2497464bda2,Ms.,Johnnie,Zboncak,"45/23 Gorczany Trace Apt. 070","Suite 938",Ormoc,Missouri,Philippines,285-947-931,867-506-764,Spencer-Jacobi,kunde.biz,"Zoologists OR Wildlife Biologist",green,1977-12-17,dfeeney@powlowski.com,!e*Tifx}Zz}{e|1)
40701a3c-7f08-3108-a7db-1ddbc039f7f6,Dr.,Amir,Schuster,"26 Gottlieb Streets Apt. 222","Suite 329",Dumaguete,"District of Columbia",Philippines,260-652-826,692-083-869,Weimann-Hansen,weimann.info,"General Practitioner",purple,2007-08-10,djenkins@hotmail.com,"{^NP%,Z"
d5187b4f-010b-3a11-ad9c-9f3e262fdf29,Prof.,Price,Trantow,"62/98 Daniel Villages","Suite 649",Legazpi,Kansas,Philippines,276-165-665,924-055-747,"Cruickshank, Purdy and Boyer",larson.com,ccc,aqua,2021-12-18,mckenzie.nils@yahoo.com,"qE""!)l<"
c22737e0-025e-3bb0-bdf5-56d340cd1584,Mrs.,Garnett,Herzog,"49A Beatty Fall Apt. 960","Apt. 320",Caloocan,Vermont,Philippines,604-043-707,627-208-927,"Bernier Ltd",cummings.com,"Electronic Drafter",yellow,2003-08-21,sage40@johnson.com,-iw=U>
e64a00ed-850b-3ef9-a1d0-5e08eeacdd3c,Dr.,Ruben,Nolan,"55A Lesch Trace","Apt. 060",Naga,"New York",Philippines,711-277-006,798-865-387,"Wolf, Kiehn and Fisher",stehr.com,"Precision Printing Worker",aqua,1989-05-08,ujones@gmail.com,Szv&e#PZCf#}<VWdEfr
a029d057-4e41-3473-83fd-27c92d8a079a,Dr.,Brannon,DuBuque,"08A/48 McKenzie Ranch","Apt. 043",Cabadbaran,"North Carolina",Philippines,103-760-297,841-325-070,Bahringer-Greenholt,mertz.info,"Landscape Artist",green,1981-12-06,fisher.ari@yost.info,r4M#4)uG
7ac944bb-4c9c-30b2-9532-0075918d7a16,Prof.,Deshawn,Runte,"19A/74 Sauer Garden","Apt. 375",Bayugan,Oklahoma,Philippines,103-201-131,772-622-970,"Batz PLC",ullrich.com,Courier,fuchsia,1995-10-12,stacey.towne@bruen.com,"wyk,kIa\U"
450025fa-265b-39fd-bb83-69984872f2f3,Prof.,Daniela,Kris,"56 Stracke Mill Apt. 372","Apt. 302","Las Piñas",Kentucky,Philippines,072-275-107,370-511-629,"Brakus, Cormier and Altenwerth",hills.org,"Foreign Language Teacher",maroon,1977-09-04,ypollich@gmail.com,"|)-Q""@Ivo~\^P"
8491744a-3af1-34d2-b6af-a7e95a108bd5,Prof.,Emilie,Funk,"65A McCullough Forks","Suite 485",Mandaluyong,Alabama,Philippines,881-712-621,550-362-415,Farrell-Gerlach,littel.com,"Plasterer OR Stucco Mason",green,1983-09-08,rosalia56@botsford.com,(;!cYSaln(Jy#g0];A
150b4b7d-ed23-3f86-b6c1-a0a6143186fd,Miss,Tiana,Breitenberg,"92A/80 Sporer Locks Suite 486","Apt. 966","Cotabato City",Alabama,Philippines,562-926-120,270-870-688,"Luettgen, Weimann and Romaguera",wiegand.net,"Desktop Publisher",fuchsia,1974-05-07,leffler.sedrick@gmail.com,B^{[[|#NxNR@am
0452ef2f-12db-3af4-a3d3-cac2928ea2b1,Ms.,Estelle,Wilkinson,"95A Reichel Unions","Suite 415","San Carlos",Montana,Philippines,418-720-291,299-146-267,"Lowe, Boehm and Batz",bogan.info,"Fashion Model",navy,2014-07-25,sylvan.mclaughlin@kulas.com,Da5n'Yw>|c
7d9c8044-83c7-3100-9f99-13633f4bba12,Prof.,Bartholome,Gaylord,"61/59 Nader Parks Apt. 517","Apt. 224",Tangub,Nevada,Philippines,738-658-352,736-972-968,Schmeler-Rempel,hamill.com,"Pressing Machine Operator",fuchsia,1996-07-21,annetta61@yahoo.com,K>->jY@H[$2AY$&#Z'A
45ee7db8-5061-3c26-b273-93a9082d8551,Miss,Simeon,Hayes,"59A/14 Gleichner Route","Suite 210",Naga,"South Carolina",Philippines,982-062-616,743-866-761,"Mraz, Ziemann and Jacobi",gaylord.com,"Wellhead Pumper",black,1970-01-24,sawayn.phyllis@gmail.com,k+PxH6m3Y2P5`%Jv]G
09530c84-5ac5-39c0-981d-594000791d89,Dr.,Roberta,Mann,"24 Terry Dale Apt. 122","Apt. 491",Butuan,Louisiana,Philippines,869-617-288,986-484-036,"Baumbach LLC",bogan.biz,"General Farmworker",fuchsia,1983-11-28,gretchen46@hotmail.com,!t~^S}kqI2oS3W:'0#B
e6ca0053-c784-3333-a89d-7dd1e6d331d1,Ms.,Annabel,Lynch,"75 Lowe Trace","Apt. 138",Tayabas,Nevada,Philippines,203-062-776,592-547-421,"Altenwerth PLC",prosacco.info,"Video Editor",purple,1991-12-17,hammes.hailee@hotmail.com,"_0*#t#9+O4\a"
fc4e1c2f-e0fe-335e-afca-96eaa8193b89,Dr.,Khalil,Sawayn,"61A/02 Cormier Court","Suite 525",Isabela,Idaho,Philippines,517-757-871,603-974-756,"Sawayn and Sons",franecki.com,"Educational Psychologist",lime,1986-06-24,christina.powlowski@reinger.com,?{hs7oBq:Z^isMco*
e2835c68-a7bf-309d-b38f-0f100aaf706b,Dr.,Earnest,Runte,"62A Watsica Fall Suite 448","Apt. 260",Talisay,"New York",Philippines,749-870-201,944-495-397,"Osinski, Hyatt and Bailey",feeney.info,"Hoist and Winch Operator",blue,1988-01-06,smoore@yahoo.com,"U!k%Hwp`Q},l"
5a9af4a2-29f4-3a68-a231-01dffdc23441,Mrs.,Josiah,Kerluke,"83A/49 Graham Harbor Apt. 845","Suite 732",Valencia,Tennessee,Philippines,974-012-856,381-698-037,"Thompson, Brakus and Witting",vandervort.com,"Law Enforcement Teacher",blue,1981-12-24,green.adriana@hessel.com,p]N5g3zv
b5620d4c-3991-3bcf-8ff4-fce2c47439f7,Prof.,Stanton,Beier,"15 Rempel Hollow Apt. 249","Suite 981",Isabela,Maine,Philippines,626-375-281,471-276-983,"Ernser Ltd",cronin.com,"Electronics Engineering Technician",aqua,2019-11-21,pascale94@quigley.com,"m^5)r_U,cOm+Li+df:`"
0b80ba9b-330d-3ae4-be81-a0555fb02a28,Miss,Nedra,Kirlin,"15A Powlowski Mount Suite 796","Suite 575","San Pedro",Oregon,Philippines,051-468-029,240-861-737,"Dare Inc",upton.com,"Chemical Engineer",fuchsia,1985-08-11,terrence36@hotmail.com,hNv#d~
fb55e65b-f62f-38f7-a8c3-a83f1e092e9a,Miss,Henriette,Wyman,"99/65 Spinka Mills Apt. 871","Apt. 909",Tayabas,"New Jersey",Philippines,772-165-089,379-970-797,"Bernhard PLC",vonrueden.com,"Rail Car Repairer",purple,2003-03-17,gunnar08@yahoo.com,1<]%CH%BZlVRPDA-!K
10ef9d1b-f0af-3e37-9bbc-d67d7ca59598,Mr.,Jovan,Satterfield,"01A/88 Turcotte Corner","Apt. 492",Urdaneta,Massachusetts,Philippines,613-678-224,612-247-348,Considine-Turner,block.biz,"Staff Psychologist",navy,2008-04-16,jermaine.langosh@langworth.net,"$YF04I)8mjeu""],`X2S"
ef7c2273-2c3e-3049-89d2-75b0d0eafca2,Dr.,Anthony,Klocko,"73A Cronin Keys","Apt. 185",Dasmariñas,"New Jersey",Philippines,693-379-721,311-058-979,Turner-Bailey,hahn.net,"Biological Technician",gray,2011-02-14,lindgren.mekhi@gmail.com,"0F}&Yu1iU+B#d""rT,@"
2698ee15-a24a-345a-9429-0fd6ef5775e4,Mrs.,Wanda,Raynor,"72A Tillman Pass","Apt. 516",Toledo,Indiana,Philippines,728-164-944,603-587-031,Mayert-Hauck,hyatt.net,"Structural Iron and Steel Worker",green,1981-02-16,carleton28@yahoo.com,"L)q,Fm#Qh#@5WUqt"
dbe173db-a188-387c-b926-9b9baed4a110,Prof.,Mario,Wolff,"43A/95 Pfeffer Square Suite 513","Suite 921",Tandag,Connecticut,Philippines,728-183-658,749-083-867,"Abbott, Abernathy and Zemlak",mraz.com,Cartoonist,gray,1973-03-19,leannon.dexter@yahoo.com,"""7J$.JtR(?]1llgQ_/k"
d54356a7-7b6c-34ab-a134-dcb65e9e13a5,Prof.,Elmira,Schultz,"66 Wilkinson Walk Apt. 359","Suite 125",Angeles,"Rhode Island",Philippines,428-054-554,610-895-979,"Leuschke Group",thiel.com,Logistician,blue,2008-10-11,marielle83@deckow.com,"P\?3/HpP"
bf3b6ca6-6c32-3dfd-8c31-1b0f7f495817,Dr.,Aric,Grant,"69/75 Schaden River Apt. 274","Suite 492",Malolos,Delaware,Philippines,706-861-825,637-793-457,Cole-Zieme,rohan.com,"Portable Power Tool Repairer",aqua,1985-04-16,ajast@robel.info,"r^^y?`Stj5Fv+<V,"
a7f8205f-3de4-3605-9099-912b52efae0b,Dr.,Martine,Mosciski,"04A Ziemann Path Suite 413","Apt. 853",Tanauan,Arkansas,Philippines,430-199-622,136-986-383,"Steuber Group",jakubowski.com,"Insurance Investigator",purple,2010-11-10,lebsack.edmund@gmail.com,"V\6Qq3,C0@CX<$XbF="
8125cdea-b635-37b4-b33d-18b2a4923f4b,Prof.,Pauline,Gottlieb,"27/91 Von Stravenue Apt. 728","Apt. 277","San Juan",Montana,Philippines,907-575-497,812-412-146,Kautzer-Yundt,sawayn.biz,Optometrist,silver,1979-09-07,smith.troy@hotmail.com,3%B03'Fg>vF$VTP
48f0237e-a807-38b9-b732-92c2ea7c7c3c,Dr.,Joshua,Kilback,"76 King Extensions","Apt. 709",Ilagan,Montana,Philippines,739-193-870,042-165-343,"Williamson, Mante and Bogan",prohaska.com,"Production Control Manager",green,1980-06-18,ortiz.margret@pacocha.biz,!d)Y>_g)UOOUzm(J{iro
e53447ea-5fd3-3a8f-83e0-9b2580ca9801,Mr.,Adrianna,Mueller,"36/23 Grant Pass","Apt. 264",Taguig,"New Mexico",Philippines,754-815-135,870-343-398,"Lakin, Wehner and Hudson",bode.com,Physician,white,2012-06-01,samantha.schmitt@carroll.com,^urxB:r_d1rxGa
7b5bafe8-2637-3b15-910a-2841cef78e28,Prof.,Lexus,Prosacco,"37 Reilly Dale","Apt. 970",Naga,Mississippi,Philippines,235-641-019,473-677-113,"Ortiz Group",smith.net,"Personal Care Worker",silver,2022-12-11,christian.ullrich@yahoo.com,Io;4*hjX?U|)g{
d51d9b3f-29d0-3804-bdca-648efd7ffafe,Prof.,Jovani,Brakus,"64A/10 Will Forges Apt. 914","Apt. 837",Bacolod,Arkansas,Philippines,877-904-952,404-025-222,"Ledner and Sons",ullrich.com,"Communication Equipment Worker",maroon,2005-08-31,felipa.brown@yahoo.com,D[]&b]v
181b80f7-33c6-329d-b8e6-da4e27963cb7,Dr.,Bernadette,Bins,"19/33 Langosh Summit","Apt. 976",Gapan,Illinois,Philippines,914-461-736,930-493-899,Rice-Padberg,rath.com,TSA,yellow,1982-05-18,little.alberta@gmail.com,"3mM,Lh2{DD3U"
afb77e3d-ca8f-3efa-ac50-2ea12124f6ac,Mr.,Elody,Effertz,"99 Nader Mission Suite 341","Apt. 523",Gapan,Nevada,Philippines,352-498-185,685-710-177,"Maggio, Jacobson and Franecki",stehr.net,"Postal Service Mail Sorter",maroon,2004-10-29,erna.walker@hotmail.com,"ijziF*zvUn4yx(2E4\"
1d61eaec-5a44-3b31-b3e8-87f23c54646a,Mr.,Florine,Cruickshank,"41/66 McGlynn Lodge Apt. 991","Apt. 098",Olongapo,Wyoming,Philippines,539-364-813,115-415-181,Cummings-Fay,weimann.com,"Fabric Pressers",silver,2015-10-12,cgoldner@gmail.com,K$ndvqk9QMD
b371fcfe-f108-3d36-a171-e9867de29d9e,Prof.,Paolo,Quigley,"55 Weissnat Pass","Apt. 961",Vigan,"Rhode Island",Philippines,253-013-440,101-883-657,"Wolff Ltd",strosin.com,"Social Sciences Teacher",lime,1994-05-13,ygrimes@hotmail.com,6;3-=#grO#Ka
20d3a314-b823-3997-a7ef-1e7bfb03e2b5,Mrs.,Isai,Wilderman,"38 Hansen Ridges Apt. 202","Suite 061","San Juan",Kansas,Philippines,861-586-575,056-425-866,"Macejkovic, Powlowski and Swift",marquardt.com,"Machine Tool Operator",yellow,1997-10-14,rachel.purdy@sawayn.com,"-W'p\xOOUz3~)UN~UEK"
e5d9d0d9-79d4-3155-8363-5d0f98de1897,Dr.,Alphonso,Padberg,"95/38 Auer Row Suite 852","Apt. 147",Alaminos,Alabama,Philippines,198-948-880,692-627-541,Hayes-Cronin,moore.com,"Psychiatric Technician",gray,1981-03-30,concepcion.tremblay@cummerata.com,"t,2GLQ7g)81Z""Y)%vK;"
92a62112-cd8b-392d-916c-f7a5b2b86c70,Prof.,Jamey,Gleichner,"80/71 Rippin Flat","Apt. 921",Parañaque,Tennessee,Philippines,470-251-137,944-751-671,McClure-Jacobs,swaniawski.com,"Insurance Sales Agent",black,2009-06-14,kemmer.arlene@rutherford.com,#F]#6tFa;W$E09t>~s
e7280946-0250-3969-889e-505573ff9a8e,Dr.,Jairo,Walker,"58/49 Gerlach Meadows Apt. 094","Apt. 100","San Pedro",Colorado,Philippines,705-030-189,435-278-456,"Hammes, Cruickshank and Rosenbaum",blick.biz,Physician,lime,1980-12-12,greta86@yahoo.com,"34[n%6j=F$Cb,IHR,^j"
82d4621a-a6e0-306f-b40c-90e56c80aa4e,Ms.,Lila,Wilkinson,"84/93 Effertz Inlet","Apt. 036","San Jose",Hawaii,Philippines,054-763-443,613-487-440,Hartmann-Boehm,kling.com,Buyer,purple,2024-03-16,rokuneva@conroy.com,uNC:Pa*|Xy=
e48f3956-dbed-3013-97d6-419b992243d5,Mr.,Ramiro,Brown,"15A/98 Bernier Trafficway Suite 347","Apt. 596",Malolos,"West Virginia",Philippines,165-145-694,400-723-498,Thiel-Koepp,hahn.org,"Stone Cutter",yellow,2011-04-18,jewel.lakin@koepp.com,n]&3g}2WABJc{?AA#3
5a96164a-cd50-3d29-b841-aff432152a34,Miss,Gudrun,Keeling,"29A Bergstrom Manor Apt. 225","Suite 509",Cadiz,"North Dakota",Philippines,434-975-525,411-120-168,"Frami, Pfeffer and Tillman",friesen.com,"Sys Admin",olive,2003-11-11,wilbert03@yahoo.com,(oA?M/)n
4a658905-40f4-3c9a-9165-9721a9b1164c,Prof.,Giovanny,Dicki,"29A Collier Bridge","Suite 030",Calapan,Colorado,Philippines,678-448-460,404-849-073,"Gleichner, D'Amore and Howe",larson.net,"Home Appliance Repairer",black,2020-09-06,bnikolaus@gmail.com,";b5""_,"
7e953436-6387-3f1f-9126-25f25fe40077,Miss,Ellen,Huels,"03A/99 Roberts Walk","Suite 843",Navotas,Mississippi,Philippines,450-963-537,714-498-112,"Upton Ltd",friesen.info,"Medical Transcriptionist",yellow,1986-02-22,cathrine90@abernathy.com,mwTZWUy$Is;rP)oSIB
de7e4955-a1dc-327f-8bad-ffcc51be056e,Dr.,Felix,Considine,"82A Terry Wells Apt. 378","Suite 677",Catbalogan,Delaware,Philippines,987-636-163,123-458-719,"Orn LLC",schiller.biz,Stonemason,olive,1987-06-22,rowe.bert@yahoo.com,HWKh^t8GE7NZ_I<$2ah
06dad731-af2a-3453-b145-4c3210e01b70,Ms.,Otilia,Smith,"78 Satterfield Islands","Suite 116",Mati,Oregon,Philippines,363-784-475,879-049-775,"Yost Inc",ward.com,Producer,green,1983-03-05,enrique.kassulke@yahoo.com,7t>$k@sGI;}KTIcP@}=
37854916-a617-3df1-bb0e-e98f0043cd5a,Miss,Noemie,Haley,"62/76 Marquardt Fords Suite 207","Apt. 161",Mandaue,"New Jersey",Philippines,751-272-792,222-111-673,"Paucek, Hamill and Wolf",funk.com,"Mechanical Engineer",gray,1996-04-02,christina89@mohr.net,AT7Adx8a;3
b6f70e95-e5b9-36c2-93cb-6828efc428f9,Prof.,Robb,Bode,"22A Quitzon Plaza Suite 998","Apt. 611",Mabalacat,"District of Columbia",Philippines,933-055-541,798-234-942,Padberg-Kirlin,pouros.net,"Construction Driller",lime,1971-11-03,flehner@ziemann.net,_G]L+*(eQ
f5e45bac-6b66-3641-ba95-08dfe95eb061,Prof.,Jerrod,Watsica,"67A/27 Stracke Mews","Apt. 313","San Pablo",Florida,Philippines,202-553-178,930-760-490,Dach-Reichel,fadel.net,Infantry,yellow,1992-10-04,wjakubowski@heathcote.com,";tkab.yr,='sMh"
d82ec1b3-c67b-3f31-8a64-46473e9cd920,Mr.,Elisha,Shanahan,"17A Bartoletti Extensions Suite 690","Apt. 128",Ilagan,"District of Columbia",Philippines,910-841-673,309-083-809,"Bruen, Bednar and Heathcote",zulauf.com,Waitress,gray,2015-11-11,mitchell.arely@hotmail.com,"*!Mq\^@u-]U/"
7bfccefc-be49-328b-bb76-8cebc8916594,Miss,Brennon,Medhurst,"75A Schoen Center","Apt. 471",Calbayog,Pennsylvania,Philippines,790-647-794,494-650-951,"Labadie Ltd",price.com,"Loan Counselor",teal,2018-11-11,santos.king@hotmail.com,@xnY)jZ6.UWc+jgllN
333950b7-45c5-3812-9566-698c0b13cc69,Dr.,Roselyn,Breitenberg,"52/11 Predovic River","Suite 574",Silay,Arizona,Philippines,899-659-146,055-949-877,Torp-Larson,strosin.biz,"Casting Machine Set-Up Operator",teal,2017-04-05,pouros.stephan@hyatt.biz,"q:U=dyl[Lcpld\Ft}"
f98f0486-0730-3e22-bb02-b8758cfb823d,Miss,Misael,Maggio,"33A/86 Dach Prairie Suite 103","Suite 135",Valencia,Tennessee,Philippines,215-353-626,538-471-246,"Metz, Leannon and Gibson",lockman.info,"Taxi Drivers and Chauffeur",purple,2004-09-08,gjerde@yahoo.com,"82wBELxZQ^5""f"
b6782069-3fed-3c71-b4b2-f6f45a268bfa,Dr.,Ella,Kshlerin,"77/46 Crona Wells","Suite 327",Talisay,Ohio,Philippines,836-606-640,581-835-104,"Gerhold PLC",jakubowski.com,"Title Searcher",purple,2005-01-27,blick.zula@kautzer.biz,A8iVEQVgtY9DH:
eba01f4e-d8e7-33bf-8926-cf233a1dcc38,Prof.,Judson,Heidenreich,"63A/66 Pagac Island","Suite 931",Tanauan,Kentucky,Philippines,371-000-211,917-259-745,O'Keefe-Lubowitz,hahn.com,Pediatricians,maroon,2013-06-10,bridget64@yahoo.com,+P($x:b@_
6c31935d-8973-3b4d-9b89-112db23cfeb3,Dr.,Flavio,Weimann,"44 Kreiger Expressway","Apt. 830",Lipa,Maine,Philippines,879-927-028,268-443-534,Block-Nolan,little.info,"Employment Interviewer",black,2023-06-30,usimonis@fritsch.com,H>uFrZfow
0394917f-b8d2-3d69-837e-2ab70ac430a2,Prof.,Alison,Halvorson,"57A Collins Neck Suite 318","Apt. 560",Cadiz,Iowa,Philippines,538-878-008,872-574-451,Hills-Mitchell,nader.com,"Tractor Operator",yellow,1981-01-20,ecremin@crooks.com,"c2WBvy""e:hF~mTZC3$"
68f4b5c4-cb26-3557-8c9a-0280298fae52,Prof.,Paul,Herman,"32A/53 West Freeway Apt. 522","Apt. 689","Zamboanga City",Nebraska,Philippines,411-729-630,858-510-372,Blick-O'Conner,bergstrom.biz,"Director Of Social Media Marketing",navy,2008-09-01,gayle32@yahoo.com,>Wl?*!=Mox}:)D>6c7y
7d3b4bc3-10e4-318d-b330-bbe92ba78bfe,Dr.,Glennie,Okuneva,"61/38 Rowe Meadow Apt. 029","Apt. 704",Bogo,Indiana,Philippines,203-102-061,861-619-655,"Brown and Sons",mueller.info,"Chemical Technician",blue,1986-09-27,melba75@gmail.com,-y}B1_c'!;
01a1519e-4879-312e-895c-1cd99a456da3,Prof.,Ocie,Hegmann,"65/83 Senger Lodge","Apt. 517",Dumaguete,Wisconsin,Philippines,342-351-969,170-816-366,Russel-Harber,sporer.com,"Social Media Marketing Manager",blue,1976-08-02,jdibbert@yahoo.com,"M=3=M""uj<"
f9552484-e318-380a-a680-228a280a6a22,Mrs.,Armando,Pouros,"52/97 Farrell Loop Apt. 922","Suite 828",Toledo,California,Philippines,315-407-687,987-986-274,"Mante and Sons",tromp.com,"Retail Salesperson",black,1997-12-22,roberto.waters@gmail.com,EB`0^O##t/A}*Y
70f2cab2-8aa2-3249-95fb-0252ed140758,Ms.,Lea,Stark,"27/71 Ryan Junctions","Suite 955","Zamboanga City",Maine,Philippines,678-476-216,327-592-834,"Cassin, Hahn and Collier",schultz.biz,Electrotyper,yellow,2006-01-27,jamie88@larson.com,1lm@u24;N:B
cf80a9f5-4266-317a-b255-9d674bfb71ef,Prof.,Frida,Hyatt,"43A Wilderman Haven","Suite 890","Iloilo City",Pennsylvania,Philippines,500-266-687,042-475-070,Tillman-Altenwerth,ferry.biz,"Cement Mason and Concrete Finisher",blue,1997-09-07,mitchell.madison@gleichner.com,"74Yz]r'4c-k""-y'|zl"
0587d1bd-1662-3375-ae46-23fef4a785e9,Dr.,Spencer,Hackett,"03A/05 Mertz Haven","Suite 488",Victorias,"District of Columbia",Philippines,672-434-268,596-165-549,"Keeling, Murphy and Wuckert",satterfield.com,"Cafeteria Cook",white,2009-08-27,joe29@yahoo.com,)#4=BB%0Gy
ac3fcdad-9020-305a-843c-1f7287f69615,Dr.,Zion,Leffler,"81/22 Nolan Port","Suite 782",Angeles,Minnesota,Philippines,490-189-425,698-855-229,"Wunsch Inc",lehner.com,"Office and Administrative Support Worker",yellow,2021-08-04,nicolette.fay@yahoo.com,iHX>3PxJj'
130d7b8d-9c94-397d-b6d2-c810c7db899d,Prof.,Rebeca,Brekke,"11/73 Pollich Valley Suite 402","Apt. 702",Iligan,Delaware,Philippines,577-478-435,562-237-256,Conn-Green,glover.com,"Financial Services Sales Agent",black,2018-03-12,gusikowski.jessy@hammes.org,3~j=ui;oN*
33038d8e-1c51-35e0-aecb-c9060aea5518,Ms.,Winona,Lueilwitz,"46 Lockman Turnpike Apt. 143","Suite 549",Tuguegarao,Minnesota,Philippines,000-142-172,624-022-883,Gibson-Kling,waters.info,"Food Cooking Machine Operators",olive,2012-01-30,terry86@yahoo.com,LcLH%/0
dc4ef51a-5615-3aa9-b8ea-ca70f5154bd6,Mrs.,Reuben,Morissette,"26 Larson Flat","Apt. 883",Legazpi,California,Philippines,438-279-446,108-159-609,"Dietrich PLC",wilderman.com,"Statement Clerk",aqua,1996-03-15,hstark@gmail.com,"hkfKiXvnx(1?\"
ae2f9a63-5ac3-3540-9be3-3858410ba215,Ms.,Paxton,O'Hara,"40/90 Brekke Hill Apt. 365","Apt. 260",Tanjay,"New Jersey",Philippines,231-885-894,224-750-856,"Considine Ltd",beahan.com,"Sales and Related Workers",silver,2007-09-26,amara.walker@schoen.com,"iKn[9U2,*MIN[t2"
c2c80836-3077-388a-b6b7-6f381e5e090d,Prof.,Bud,Schmeler,"84/13 Flatley Knoll","Apt. 848",Kabankalan,Montana,Philippines,900-844-946,330-202-718,O'Keefe-Trantow,ernser.org,"Operations Research Analyst",yellow,2022-02-03,faustino.rolfson@simonis.net,"*]1K\;+HWC"
d86688f6-0462-34e2-a9e8-d7ec36178396,Prof.,Davon,Reichert,"17 Gusikowski Village Suite 003","Apt. 523",Calapan,"New York",Philippines,459-805-570,823-749-283,VonRueden-Fadel,king.com,Judge,white,1993-07-17,block.kiel@schinner.info,"GKIrZO(,9L15<C(EV<3"
4c2908c5-334c-31bf-b086-1e3006b5035d,Dr.,Jabari,Feil,"54A/61 Schuster Cliff Apt. 518","Suite 380","Batangas City",Florida,Philippines,641-613-134,409-457-508,Moore-Sporer,bogan.org,"Hand Sewer",silver,1992-06-25,nleuschke@shanahan.com,2nVRI$v$%.#$7
f2232f5c-ab71-3c7b-afac-aa70c84b3ef7,Prof.,Caterina,D'Amore,"40A Hettinger Curve","Apt. 681",Sagay,Illinois,Philippines,661-582-466,480-131-005,Gerhold-Trantow,feeney.info,"Space Sciences Teacher",green,2016-05-31,garrison.reinger@yahoo.com,!MYKM<
a65f28bc-8dcc-337d-95a5-b78cfcb31a7f,Miss,Elias,Bogisich,"72A/27 Orn Fork Apt. 741","Apt. 575",Legazpi,Arizona,Philippines,587-912-734,574-398-763,"Blanda LLC",damore.com,"Recreation Worker",lime,2020-03-15,arnaldo.bailey@gerlach.com,"Vp{1*(*z$PjN"""
9fcc49c1-9498-36db-a61b-63c0782e7caa,Prof.,Julia,Brown,"37 Rippin Plaza","Suite 614","El Salvador",Hawaii,Philippines,355-453-493,275-609-211,"Homenick Inc",bosco.info,"Electrical Drafter",gray,2007-11-24,walter.harmony@heathcote.biz,@wp@]uvj
b71a8dbc-9807-3986-ad0c-aba051bdccbb,Mr.,Judson,Thompson,"46 Dietrich Valleys Apt. 428","Suite 130","El Salvador",Wyoming,Philippines,919-192-676,310-359-766,"Kovacek, Cremin and Becker",gislason.org,"Private Detective and Investigator",navy,1990-06-20,vmacejkovic@yahoo.com,a)m0cO
8e4a40b1-a3bc-372b-82e9-91ebbc62d1f6,Prof.,Alessandro,Volkman,"58A Tillman Village Suite 386","Suite 617",Bais,"South Dakota",Philippines,136-692-283,725-864-976,"Kertzmann, Reinger and Schaefer",jerde.org,"Financial Specialist",olive,1976-09-09,fdickinson@wisoky.biz,[G's@T4vZ>
d263a092-330f-35c2-b611-ec27bd619164,Dr.,Edward,Wyman,"47A O'Connell Ranch","Apt. 203",Tanauan,"New Jersey",Philippines,182-935-411,283-114-399,"Friesen, Koepp and Larkin",von.info,Barber,maroon,2012-09-06,pierce.sipes@hane.biz,"t+1Xx9@|UGK8""70(P7t"
2dd54388-6eed-3226-8c68-294f9c55583d,Ms.,Chelsea,Okuneva,"00A/73 Stoltenberg Course Suite 402","Suite 217",Tagaytay,"North Dakota",Philippines,003-373-618,496-205-042,"Botsford, Kuphal and Rogahn",williamson.biz,"Mail Clerk",maroon,1976-03-21,rolando85@hotmail.com,"$)#~U,xMJavH!Cf"
6dde841d-7300-3ff0-97d8-44257eebe9eb,Mr.,Leonora,Torp,"86A Reinger Canyon Apt. 929","Apt. 602",Toledo,Kentucky,Philippines,094-907-302,530-210-067,Hackett-Farrell,swaniawski.com,"Welding Machine Operator",green,1973-05-06,rmaggio@orn.info,"#,i7qOk7cODB""W"
9b19288e-6123-39c1-8f98-74cc9691bfa6,Dr.,Owen,Robel,"86/22 Rutherford Loaf","Suite 896",Bogo,"North Carolina",Philippines,680-362-212,628-334-801,Schumm-Prohaska,brown.com,Gauger,yellow,2008-01-31,muriel00@hotmail.com,}S<`GH3Z#I(?I$F
a87544da-6d05-38c4-9c72-efb4a71b0ec7,Ms.,Marjory,Terry,"37/18 Johns Gateway Apt. 198","Apt. 527",Calamba,Washington,Philippines,135-293-335,203-010-557,"Sanford, Weissnat and Beahan",jaskolski.com,"Installation and Repair Technician",black,1992-06-01,ucrona@yahoo.com,J#uf}p|^]MTe/CD@
4245ba76-4aaa-3aad-956d-755e1bee5bd4,Prof.,Hildegard,Kshlerin,"46A Boyle Brooks Suite 716","Suite 395",Calamba,Nevada,Philippines,431-086-475,722-316-854,Reilly-Kozey,hermann.com,"Security Guard",teal,2017-11-14,skiles.elizabeth@boehm.info,=jchkE
7ad11060-5354-34be-b6fc-86fe67e63e8e,Ms.,Justina,Satterfield,"25A/74 Pollich Loaf","Apt. 215",Himamaylan,Kentucky,Philippines,956-584-178,074-249-960,"Frami LLC",collier.org,Biologist,purple,1990-02-21,breitenberg.abbigail@thiel.com,knue*8*3K[sg)hH5d.
4d0b7187-cc48-3aa3-b3b8-3ddacda91f27,Miss,Lila,Hessel,"66/85 Feest Inlet Apt. 988","Apt. 299",Canlaon,Missouri,Philippines,415-866-392,375-180-242,Brekke-Reinger,trantow.com,"Grounds Maintenance Worker",gray,1987-11-02,sherwood64@hilpert.biz,+U[rNEKyk08
40169090-8be3-30fb-abb2-6bfa354182bb,Miss,Merlin,Ritchie,"14A/21 Romaguera Glen Apt. 392","Suite 746",Bislig,Washington,Philippines,545-318-300,801-576-954,"Schuster, Stroman and Wilderman",wehner.com,Composer,black,2000-05-15,olin.roob@thompson.com,i477z^w|?2IB)J
a78fa57a-79c4-3772-89f6-18b6154ed977,Mr.,Edison,Russel,"99/28 Stehr Grove","Suite 671","Davao City",Kansas,Philippines,004-266-491,013-629-676,"Dickens, Muller and Legros",vonrueden.net,"Preschool Education Administrators",silver,2022-02-15,casimir.gibson@gmail.com,"r,^ia)h(a"
99834af3-cd2e-331c-89f2-8a1f05aaf8c3,Dr.,Pauline,Littel,"29 Wintheiser Walk Apt. 025","Apt. 342","Zamboanga City",Iowa,Philippines,189-194-016,449-657-212,"McGlynn Inc",hill.com,"Grinder OR Polisher",gray,1985-07-04,alivia.balistreri@fay.com,O#Ws3K
7a85df1b-17ca-3f36-a771-9297537534f6,Mr.,Alexandria,Marquardt,"74A Mueller Forks","Suite 022",Cabuyao,Virginia,Philippines,640-938-414,858-822-158,"Lebsack, Thiel and Vandervort",schumm.biz,"Mail Machine Operator",yellow,1982-08-29,kaden.wisozk@legros.com,I]c1piv?UF9G
39c0a065-3c32-3204-b4b1-87c1e9c6fbd0,Prof.,Beulah,Strosin,"95 Goldner Village Apt. 754","Suite 415",Tagum,Wyoming,Philippines,210-006-942,662-120-844,"Connelly Ltd",marquardt.com,"Database Administrator",maroon,1984-04-28,jacquelyn24@yahoo.com,*]5W5_0'4[
e7acb2e7-a03e-3c79-9342-69f95fd8adbb,Prof.,Elton,Graham,"18 Hane Trace Apt. 957","Apt. 844",Lipa,Connecticut,Philippines,842-868-729,348-337-969,"Thompson, Ondricka and Harvey",cremin.biz,"Railroad Inspector",gray,1973-01-19,pveum@walter.biz,_'3U@-E&'j'j
0ff3e8bc-06e1-3ddb-84c5-5d58a5f9777c,Miss,Skylar,Crona,"13A Hyatt Landing Suite 235","Suite 707",Digos,Alaska,Philippines,736-543-008,261-204-645,"Cremin, Bergstrom and Kozey",lindgren.net,"Rotary Drill Operator",teal,1979-04-03,jgreenfelder@johnson.com,EQ$TH2lhcRph#Fan[
68a56b8a-c99d-3ad6-bc54-e7ad7c10ed10,Dr.,Fay,Boehm,"53 Lakin Avenue","Suite 618",Ormoc,"North Carolina",Philippines,556-379-261,384-976-409,"Reichert, Lind and Connelly",mckenzie.com,"Atmospheric and Space Scientist",black,1979-12-13,balistreri.manuel@hotmail.com,Ed8g**9]D
c2513a58-22a5-33f6-a3e0-1ddca1453845,Mrs.,Adela,DuBuque,"53A/42 Wolff Point Suite 662","Suite 440",Ormoc,Indiana,Philippines,977-550-640,072-799-238,"Yundt PLC",davis.com,"Drywall Installer",gray,2017-04-17,keeling.bill@goyette.org,QI_|6tNF{MU(FFt:
537142d9-812b-3875-93b8-ae72913d28a1,Mrs.,Karl,Wintheiser,"99A/70 Breitenberg Overpass Apt. 827","Suite 775","Puerto Princesa",Montana,Philippines,458-726-470,968-288-116,Herman-Hills,toy.org,"Multi-Media Artist",black,1971-10-29,christiansen.lennie@gmail.com,";i{,54&k0"
8acec39e-7dc5-37a9-a7a4-93446ce67b4e,Miss,Seth,Ankunding,"16A Dickens Pines Apt. 141","Apt. 337","Cavite City",Utah,Philippines,878-679-412,484-205-382,"Bergstrom, Gleason and Hermann",ohara.net,Locksmith,purple,2011-05-25,kaelyn58@jerde.info,s{3s!BMm[0j>8UKp
2c7640cf-c541-3ff9-ab5a-7b922babdb60,Miss,Judy,Turcotte,"16 Pollich Squares Suite 729","Suite 590",Lamitan,Texas,Philippines,204-409-309,053-996-388,"Walter, Reinger and Champlin",hessel.com,"Dental Hygienist",yellow,2019-03-30,fvandervort@haag.info,8%~/ZQRkU
82f1a254-49fb-30e9-90a4-ecb9f716eeb4,Mr.,Casimer,Reilly,"08A/34 Krajcik Shore Suite 464","Apt. 957","Davao City",Hawaii,Philippines,440-708-161,598-311-030,"Koch Group",mcclure.biz,"Orthotist OR Prosthetist",gray,1989-07-09,carol64@hackett.com,"|,ll)aB?)["
3dd33fc2-0824-3d9f-9287-b3a541286ae7,Dr.,Talon,Orn,"23A/08 Beer Square Suite 373","Apt. 633",Muñoz,Idaho,Philippines,851-075-419,200-254-214,"Prohaska, Mayert and Kunde",vandervort.org,"Manager Tactical Operations",lime,1981-06-10,webster.beahan@lemke.org,"BT),@*K>"
e9ea74a4-7e03-3bb6-82cf-0ea98905d357,Prof.,Edmond,Schulist,"69/46 Becker Oval","Apt. 383",Cabuyao,Utah,Philippines,224-344-840,379-288-063,Hickle-Oberbrunner,marquardt.info,"Aircraft Cargo Handling Supervisor",maroon,1992-04-27,giovanna74@schumm.com,@y3#I8-8
de92a5f3-5d61-3383-b463-e1c0704a3951,Mr.,Fermin,Heller,"41A Ankunding Track Apt. 568","Suite 307",Cauayan,Illinois,Philippines,032-040-464,748-607-978,"Kemmer, Stiedemann and Buckridge",brown.net,"Insulation Installer",yellow,2023-05-05,graham55@abernathy.com,uel+uM_9K;$Q=X
a49ffb62-41b4-3729-a245-a59b14798a55,Mrs.,Gabriella,Adams,"03A/41 Beier Spur Suite 606","Apt. 174",Malolos,Michigan,Philippines,704-567-064,944-400-991,Hintz-Bruen,nicolas.com,"Communication Equipment Repairer",fuchsia,1984-02-28,ecarroll@hermiston.com,_[C1kf&NrS
c1e97d1e-ec60-39ef-b1e3-77769083e334,Prof.,Stefanie,Powlowski,"99A Schumm Valleys Apt. 412","Apt. 216","General Santos","South Carolina",Philippines,794-139-372,155-521-104,Hamill-Schneider,schaefer.com,"Advertising Manager OR Promotions Manager",white,2006-02-11,kiley11@rippin.com,",u=k7""R2p"
49bed0ed-c9e2-3264-9d9c-45f9b50b7ab5,Mr.,Elvis,Morar,"09A/36 Schneider Courts Apt. 157","Suite 153",Vigan,Virginia,Philippines,329-123-945,163-300-880,"Hartmann, Rohan and Mante",stracke.com,"Sys Admin",silver,1988-09-18,fkling@hotmail.com,(xel]uX:r/
048e76cd-8823-33a7-b0a4-5edc1c149ee6,Prof.,Savion,Veum,"40A/95 Hermiston Lodge","Apt. 001",Bais,Tennessee,Philippines,446-725-291,433-291-344,"Mayert and Sons",keeling.net,Chiropractor,lime,1995-05-16,bode.chelsea@yahoo.com,:3iaP<|:i|zO
1480e5c4-d7d2-39f7-922a-1cdbc453b7b6,Prof.,Lorenzo,Zboncak,"87/15 Hagenes Grove","Apt. 010","Batangas City",Indiana,Philippines,138-387-809,557-053-287,"Crist Ltd",bahringer.com,"Engineering Technician",fuchsia,2004-12-24,kiehn.jarvis@gmail.com,"Ww/yseVk&K,>bV""d-sL"
cd54c355-4287-3a7d-aeac-697065f0a456,Dr.,Sonia,Beier,"33 Bahringer Courts","Apt. 680","General Santos",Massachusetts,Philippines,128-278-042,399-438-443,Kuhn-Runolfsdottir,rohan.com,Detective,black,2004-03-25,cullen23@price.com,"|u""am>w^"
cdb2f294-79d2-330a-9287-c8aad9f43ec4,Mr.,Jayden,Murray,"80/10 Klocko Landing Apt. 520","Suite 474",Navotas,"North Carolina",Philippines,952-999-915,036-243-256,"Dare Group",hills.com,"Textile Worker",yellow,2021-08-15,fay.ned@kuhlman.net,TA4Ec*O_K.wt;!Etb?
04bb779d-c741-330d-8170-2b72ed38404d,Prof.,Sandra,Konopelski,"33A Gutkowski Parkway Apt. 213","Suite 714",Talisay,Maine,Philippines,361-079-405,767-030-527,Ebert-Turner,dietrich.com,"Ship Engineer",green,1987-03-26,gutmann.bruce@deckow.com,ek-L)5D
f5a03c8f-2065-3c2d-975d-589690e0a299,Prof.,Judy,Blanda,"29A Rolfson Field","Suite 505","San Fernando",Nevada,Philippines,958-882-568,396-980-182,Brakus-O'Hara,bartell.com,"Licensing Examiner and Inspector",white,1991-12-25,mbauch@hyatt.com,"_C`kPXYCF$cVM'n,k]{*"
f48d25ac-1ce7-3df2-b8ce-a21d49811b34,Miss,Odie,Farrell,"34/68 Bailey Road Suite 622","Suite 392",Tuguegarao,Alabama,Philippines,090-368-343,957-520-454,"Treutel and Sons",cummings.biz,Tailor,aqua,1981-08-28,alexandria.keeling@gmail.com,"Z@jj;`T.;4h-K#Nx@w]\"
d8fe30ce-7e90-3d98-8cba-a78563ac33cc,Mr.,Oswaldo,Pollich,"59/37 Monahan Avenue Apt. 734","Suite 612",Imus,Oregon,Philippines,714-669-122,997-700-710,"Wisozk, Marquardt and Pouros",hammes.org,"Lathe Operator",gray,1994-08-24,lwiegand@gmail.com,"4z\Q)Fm'+7Y'C+<5T"
63d81cbb-b7a9-357f-b798-154fd40ca759,Dr.,Samanta,Howell,"47/41 McLaughlin Causeway","Suite 118",Muntinlupa,"New York",Philippines,526-431-731,738-195-942,Leuschke-Wisoky,witting.com,"Precious Stone Worker",teal,2002-05-31,zena59@bergstrom.biz,"/6""@{/mJ"
91460d31-614a-3cb3-8a8c-c7d45d58368e,Prof.,Wilbert,Feest,"26A/37 Swift Bridge Suite 319","Suite 439",Danao,"New Mexico",Philippines,825-464-649,263-457-125,O'Hara-Parisian,hand.org,"Drycleaning Machine Operator",purple,2014-04-27,roman.wiegand@gmail.com,"JMLfqR|z,$p"
bd12eea5-afdc-37ac-8d2e-9cf01c7144a9,Mr.,Rosina,Ullrich,"58 McLaughlin Mountain Apt. 963","Suite 373",Pagadian,Wyoming,Philippines,985-789-076,384-920-617,"Volkman, Blick and Schimmel",keeling.com,"Weapons Specialists",teal,2005-12-08,elton38@legros.org,"xfDmpe/l5""gjmo"
6210d643-cc8c-39a4-b07f-4afd6573e41f,Mr.,Autumn,Feeney,"56 Dietrich Mall","Apt. 082",Tagaytay,"Rhode Island",Philippines,280-584-145,350-028-355,Roob-Leffler,schultz.com,"Separating Machine Operators",navy,1995-05-29,salvador18@heaney.com,{xr~q:
6ee20d69-c3d2-3158-a42f-aa1487f8aa60,Ms.,Brycen,Heaney,"66A Ratke Freeway Suite 137","Suite 298",Tayabas,Texas,Philippines,261-348-434,024-089-474,"Stark, Kling and Hessel",prohaska.com,"Loan Counselor",silver,2023-12-02,jamel32@gmail.com,~'a[{r]&dwqq
20578632-0b0d-34f4-a0f2-787699893667,Prof.,Johathan,Harvey,"95/26 Rosenbaum Shoal Apt. 386","Apt. 030",Tanjay,Pennsylvania,Philippines,183-163-260,365-585-311,Abshire-Brakus,medhurst.com,"Organizational Development Manager",maroon,1988-11-22,jamison.schaden@brekke.com,"T""m(i?OS>"
75eec948-9c56-3c3e-957a-bd81c962c7c3,Mrs.,Kaitlyn,Johns,"59/66 Kunde Knolls","Suite 688",Ormoc,"District of Columbia",Philippines,135-860-494,380-530-898,"Powlowski Ltd",walter.com,"Glass Blower",green,2011-03-17,murray.patrick@hotmail.com,*aE#{lhY6ln+2P
8b5c3dce-405c-3bfa-899b-c578e2793558,Mr.,Maya,Blanda,"11A Harvey Underpass","Apt. 652",Urdaneta,Tennessee,Philippines,120-882-272,845-801-432,"Lindgren, Johnson and Koch",kovacek.com,"Computer Specialist",fuchsia,2002-01-31,fisher.finn@gmail.com,.w?7$5jt
cbc2e62a-29a6-3dce-b056-0c2c121c4a78,Prof.,Sydni,Breitenberg,"22 Pfeffer Harbors Suite 111","Apt. 201",Naga,Maryland,Philippines,061-686-660,114-589-699,Gutkowski-Quitzon,dooley.com,"Funeral Director",navy,2020-12-30,keven19@kutch.biz,"tl1N~N]b]Z@,2WejCc"
d65f9a1a-4298-34cd-b55a-5f702e1f0e0b,Mr.,Raoul,Heaney,"55 Jerde Union Apt. 431","Suite 378","Zamboanga City",Alabama,Philippines,663-279-439,533-123-069,"Bogisich, DuBuque and Hirthe",huel.com,Clerk,green,2001-03-27,vkuvalis@bayer.biz,=*fxl'
e2aae637-3797-3372-9a9f-c651ad99f8ac,Prof.,Abby,Will,"71 Rau Street Suite 606","Suite 989",Mati,Maryland,Philippines,490-763-361,328-856-293,O'Conner-Borer,schneider.org,"Logging Tractor Operator",teal,1979-07-22,mayert.linda@monahan.com,a6XYUTb'o8&iOmT
93240e2f-ac2c-3132-bcc9-7ef208576681,Prof.,Javon,Zieme,"13A Runolfsdottir Flats Suite 965","Apt. 034",Kidapawan,Texas,Philippines,140-336-596,329-005-127,Reinger-Prohaska,bayer.com,"Compacting Machine Operator",teal,1970-01-08,ronny08@shanahan.com,q~Fne>b~/d
34ed7296-e0c8-327f-8a57-804e9d469334,Prof.,Reed,Spencer,"45A/43 Runte Forest Suite 068","Apt. 993","Puerto Princesa",Florida,Philippines,933-199-890,603-302-884,"O'Connell Inc",barrows.com,"Payroll Clerk",aqua,1997-09-22,simone34@wehner.com,WHlPgD0`CXUDL
5cc34014-fc6c-31a2-a743-f9c464248aef,Mrs.,Jaron,Metz,"62/27 Kautzer Dam","Suite 636","Surigao City",Maryland,Philippines,161-859-672,522-642-300,"Hane, Lehner and Kling",champlin.net,"Fashion Model",lime,1981-04-27,champlin.clint@stroman.com,4|d6a=1@Prul
452f02d5-02a5-3c49-9355-5f438470d118,Mrs.,Regan,Wintheiser,"95A/91 Goodwin Point Suite 063","Apt. 842","San Juan","New Hampshire",Philippines,981-703-097,307-886-289,"Rath Group",rutherford.com,Usher,gray,1988-09-02,morn@hotmail.com,"(fT7,::6`.vB6"
ae3ef12a-14ed-3f3d-a8b4-a46867c211a5,Miss,Randall,Runolfsdottir,"88 Labadie Canyon","Apt. 263","Puerto Princesa",Maine,Philippines,903-823-554,883-556-678,"Rosenbaum, Ryan and Boyer",effertz.com,"Numerical Tool Programmer OR Process Control Programmer",lime,1996-11-09,ibosco@cruickshank.net,",QA@\S\"
b2646fda-fcb1-367a-87db-5938579e8cf8,Mr.,Eliza,Powlowski,"94/38 Schaefer Field","Suite 305",Ilagan,Illinois,Philippines,134-297-311,710-951-291,"Herzog, Bogisich and Schimmel",hettinger.com,Council,maroon,2017-09-28,crystal.gorczany@gmail.com,"`wR>)*M,"
e31ebadd-2510-3cca-876c-6407f5df2e9b,Prof.,Hellen,Kessler,"51 Gottlieb Trafficway Apt. 003","Apt. 364",Valencia,Texas,Philippines,985-176-633,149-004-876,Bogan-Beatty,schmeler.com,"Motion Picture Projectionist",blue,1989-04-23,winona.krajcik@hotmail.com,5Na9rtw12A-nr/O
61d2273f-5a98-3a1e-b990-9441b4980547,Prof.,Tia,Walsh,"13/50 Kirlin Valleys Apt. 119","Suite 404",Lipa,Montana,Philippines,510-981-335,343-928-001,"Glover Group",medhurst.com,"Financial Services Sales Agent",navy,1971-04-07,spinka.cedrick@mclaughlin.com,otHCx`s+*`n[Ge=
5ded66f5-4937-3cea-b850-4adfe9e07855,Mrs.,August,McCullough,"73 Kirlin Camp","Suite 662","San Fernando",Louisiana,Philippines,804-742-125,125-716-535,"Jacobs, Haag and Carroll",bruen.com,"Engineering Technician",purple,2003-09-08,luigi.emmerich@lehner.com,Rb>T;t$.4
afbe8063-4cfb-331e-a466-c93e5cb0c143,Dr.,Jessy,Gottlieb,"84A Rowe Harbor","Apt. 261",Victorias,"New York",Philippines,656-334-220,595-241-048,"Fay Ltd",wunsch.com,Dispatcher,black,2023-02-04,bruen.nick@block.net,C[_.|@4/wJZo!.
9a71e9ca-4599-38aa-929e-08bf79046e64,Mrs.,Sadie,Bernhard,"25 Armstrong Overpass Apt. 455","Suite 824",Bayawan,Massachusetts,Philippines,855-689-643,669-215-269,"Graham LLC",hill.net,"Photographic Processing Machine Operator",purple,1972-05-28,eturner@yahoo.com,L1@vYv^'OJ2ql>3
be6e4282-42c3-3559-a84f-280b023d492f,Prof.,Rubye,Leffler,"76 Bergstrom Road","Suite 198",Dapitan,Pennsylvania,Philippines,659-500-634,553-663-197,"Dickens PLC",hessel.com,"Medical Technician",green,1978-03-10,ewuckert@friesen.com,uf(P5#m9B6V~
26563471-29a7-3f60-9445-a708646feba9,Prof.,Elisa,Mante,"98 Davis Valley Apt. 700","Suite 530",Maasin,Oklahoma,Philippines,231-679-221,232-512-442,Champlin-Baumbach,mclaughlin.com,"Surgical Technologist",fuchsia,2008-04-02,mfahey@stracke.com,SkWl1D
ebea2b85-d508-3472-918a-552bf71a6bf7,Ms.,Lonzo,Howe,"94A/94 Wiza Mission","Suite 286",Bislig,Iowa,Philippines,581-752-894,908-550-860,Greenfelder-Keebler,klocko.com,"Pipe Fitter",fuchsia,1993-11-07,erdman.karelle@hotmail.com,g'{R)h0h2
e6f94372-d4a2-3dad-a431-f470609a3fc4,Ms.,Gwendolyn,Buckridge,"18 Fisher View","Suite 366",Koronadal,Missouri,Philippines,700-100-234,937-675-876,"Kuhlman, Huels and Bahringer",kerluke.com,"Budget Analyst",purple,2011-09-04,hillard.kunde@gmail.com,r?O/v6EkA-
7b25ee7e-110b-36a0-8dc4-a6d072b32436,Prof.,Ashley,Ruecker,"53A Schiller Motorway Suite 863","Suite 192",Parañaque,Georgia,Philippines,708-001-972,096-158-418,Larson-Ondricka,nikolaus.net,"Aerospace Engineer",purple,2022-11-21,tevin80@haley.org,ZCX(UKwCMrwo+I6eFBb
d8783897-d55c-3701-be38-aef9bc6ed0dd,Prof.,Francesca,Krajcik,"43A/44 Cremin River","Apt. 078",Malaybalay,Kentucky,Philippines,735-920-022,115-557-824,"Klocko, Corwin and Williamson",kunde.com,"Motorcycle Mechanic",gray,1997-03-10,julius51@stracke.com,+E0f:8-(t
46574b02-56d6-3592-a652-332e479176b9,Miss,Rodrick,Heathcote,"84/30 Boyle Tunnel","Apt. 320",Legazpi,Nevada,Philippines,539-007-657,057-337-667,Schroeder-Nitzsche,windler.com,"Job Printer",gray,2008-06-06,aufderhar.misael@gmail.com,"#D]D?aF@\%:M:rxi=3f|"
a2619799-f6f6-3633-9efc-1841858b10d9,Ms.,Kristy,Lemke,"02A Schmidt Station Apt. 794","Apt. 669",Santiago,"West Virginia",Philippines,800-686-682,994-731-424,Hamill-Gislason,crooks.net,"Travel Agent",maroon,1989-06-02,murazik.cedrick@yahoo.com,0Qt-HG
c8edea8f-8972-36b7-bc64-a566f4fa4be9,Dr.,Alene,Keeling,"77/42 Okuneva Bridge","Suite 496",Tagaytay,"New Hampshire",Philippines,773-912-228,484-643-447,Brekke-Bauch,christiansen.com,"Petroleum Engineer",black,2011-01-30,jake.schmeler@bernhard.info,aG5hn';fvAPfr4zd
dbcd8d8f-ffff-39b8-90e1-61a44ce9fdf3,Miss,Horace,Lowe,"62 Gibson Forges","Suite 614",Isabela,Missouri,Philippines,618-862-631,442-998-004,"Sanford PLC",zboncak.net,"Vice President Of Marketing",black,2001-12-27,kunze.agustin@gmail.com,s^a{'s)cEu
c3df0698-9eaa-3f5c-8fdc-16f67a213635,Mrs.,Delpha,Kovacek,"03A/25 Mueller Highway Suite 742","Suite 001",Cadiz,Oklahoma,Philippines,807-072-664,435-563-927,"Champlin Inc",hauck.com,"Coil Winders",lime,2016-10-05,tromp.jayda@yahoo.com,j9)7dcuHH]5D
029e12c6-8508-34f3-beb0-8ef7c91fc893,Ms.,August,Mohr,"37/51 Wintheiser Mill Apt. 111","Apt. 338","Batangas City",Alabama,Philippines,924-749-255,738-334-621,"Cole LLC",mosciski.com,"Vocational Education Teacher",olive,1998-01-16,pstehr@schoen.org,"\OQ-?wi}'Cf-PHO"
086bddba-2854-3775-a5f7-57b5d3ecec30,Dr.,Valentine,Walter,"41A/63 Lebsack Curve Apt. 504","Suite 539",Escalante,"New Mexico",Philippines,278-908-359,982-680-971,"Jacobs, Hegmann and Beatty",hauck.com,Microbiologist,yellow,2010-11-10,isai.olson@yahoo.com,"C(x%h/f&QvS`X>cK,H"
19fa1355-0d2a-34bf-8c4a-06a496ec7ae3,Prof.,Austyn,Schultz,"52A/91 Conroy Knoll Suite 687","Suite 479",Escalante,Wisconsin,Philippines,307-812-098,582-838-592,Jacobs-Boyle,collier.info,"Pharmacy Technician",teal,2013-07-17,rjones@price.info,"u=Ug;ar2SaA[Gpb,qt.F"
ea49736c-8931-326c-b248-acc860ef6217,Dr.,Bernhard,Kerluke,"66A/43 Hoppe Cliffs","Suite 020",Sagay,Illinois,Philippines,001-474-889,900-564-804,Wiza-Wisozk,grant.com,"Marketing Manager",fuchsia,1992-06-03,nolan.mireya@fahey.com,"RD$eq4D3""XatVt-2}"
a059d184-fb6b-370f-8a5b-e8dd4fe6dc82,Mr.,Cleve,Fay,"17A/08 Hartmann Oval","Suite 000",Tangub,California,Philippines,989-545-284,113-347-903,"Conn Inc",jerde.com,"Timing Device Assemblers",purple,2007-11-11,wyman.deshawn@hotmail.com,vH=FF]>~
12d98ec4-1b78-345e-b7c0-d94ea319d366,Prof.,Ottilie,Powlowski,"74A Block Ramp","Apt. 106",Tuguegarao,Florida,Philippines,706-097-500,324-452-636,Kreiger-Glover,emmerich.com,"Technical Specialist",purple,1988-12-20,qdare@hilpert.com,"jU6m'vL@[(lt\&l"
3162d428-2b98-388a-bcc4-19792c85ccd8,Mr.,Cecilia,Turcotte,"05A/76 Bergnaum Summit","Suite 616",Borongan,Nevada,Philippines,531-527-029,698-571-813,"Barton, Johns and Marks",wolff.biz,"Ship Carpenter and Joiner",lime,1979-04-28,wiegand.ivah@hirthe.org,j$G':~
9d3af8c9-062f-30b2-92f3-4e7893abacd9,Mr.,Jessica,Stroman,"60/27 Gulgowski Ferry Apt. 204","Suite 552",Marawi,Wisconsin,Philippines,120-600-202,423-858-699,"Feest Ltd",kassulke.com,"Nuclear Equipment Operation Technician",silver,2003-01-12,jaylen26@gmail.com,"SHexZtV_kFY-Yn=&t!\+"
cde3cc5e-e51e-3803-aeb8-d5630d5f05c5,Dr.,Abagail,Sipes,"59/75 Ullrich Route Apt. 220","Suite 786",Digos,Texas,Philippines,972-107-936,725-755-075,"Balistreri and Sons",kirlin.com,"Crossing Guard",navy,1987-12-03,hammes.chasity@bogisich.com,oGkI{}v(y%ur
3bb9df42-7949-300a-aad6-ad45ecc1c899,Prof.,Edd,Cormier,"16A/26 Fritsch Motorway","Apt. 047",Malolos,Florida,Philippines,246-147-703,682-041-392,"Lockman, Tillman and Auer",pollich.org,Coroner,silver,2024-07-26,markus.nicolas@hotmail.com,qx(xju'ah
f3f02d8c-df45-3eda-8887-8838580887bc,Mr.,Ole,Eichmann,"60A/29 Witting Crescent","Suite 803",Tagaytay,Georgia,Philippines,791-708-974,624-001-558,"Block PLC",padberg.net,"Home Health Aide",white,1988-12-05,maudie27@oreilly.com,^c[B&$+.wOc5S9<fS
b8140313-fa58-30fe-8476-99879a536d1f,Dr.,Lester,Beer,"83 Gottlieb Ville","Apt. 262","San Carlos",Tennessee,Philippines,839-676-431,693-516-280,"Carter, McKenzie and Jacobs",bogan.com,"Physics Teacher",aqua,1981-10-25,donna.parker@beahan.com,"`>L""h_+p%>=YmefcO"
a0c1216f-f96c-3709-9dcc-5c3698bd0fdc,Prof.,Franco,Blick,"24 Steuber Spurs Suite 117","Apt. 879",Kabankalan,"North Carolina",Philippines,059-846-878,136-989-234,"Breitenberg Inc",tremblay.com,"Soil Conservationist",gray,2000-03-06,yvonne50@krajcik.com,"B\BvA*l:P!k!?"
9b75e7d7-3d52-3485-adf2-992a6629ffbc,Mr.,Linnie,Parker,"10 Farrell Rapid","Apt. 690",Imus,Ohio,Philippines,599-519-251,124-727-952,"Muller, Aufderhar and Batz",cormier.net,"Physical Therapist",fuchsia,1978-05-29,holden.rohan@yahoo.com,AmvYLuI[{
5f230fec-7905-3a86-bdf9-d38ed1ef0e4c,Mrs.,Hailee,Graham,"15A Turcotte Route Suite 245","Apt. 249","Las Piñas",Michigan,Philippines,075-134-709,886-400-901,"Klocko Inc",heller.com,"Welding Machine Operator",green,1979-01-20,jfadel@beahan.com,"p$z?=""~,ZS/C+2T'""W'T"
5ecd6c9c-3c9d-36a6-8d0e-2229195572d5,Prof.,Roscoe,Donnelly,"79A/39 Lesch Isle Apt. 062","Apt. 877","Sorsogon City",Arizona,Philippines,210-460-448,390-377-032,"Wiegand, Carroll and Ryan",stiedemann.biz,"Nursery Worker",white,1983-03-08,sanford.josie@buckridge.net,oE%Wlbww:&tx#g-&j4
ef58d10e-f3ea-3dcf-b477-4b465aede7c4,Prof.,Jaylen,Bosco,"14 Daugherty Lodge","Suite 275",Borongan,Washington,Philippines,480-674-134,256-534-554,Runolfsson-Green,rau.com,"Highway Maintenance Worker",yellow,1989-08-14,marilyne96@dickinson.com,&y$]5GFjA;Uu>$G`QR!
7e329f01-5777-3d08-b13a-46898afe9788,Miss,Jayda,Toy,"61 Halvorson Meadows Apt. 307","Apt. 526",Pagadian,Minnesota,Philippines,143-347-866,130-936-400,"Gorczany Inc",hartmann.com,"Operating Engineer",olive,1983-12-28,yluettgen@hotmail.com,VLB)ss
bb1c2954-5f10-3fd2-a924-06ffd8765ee6,Prof.,Dorian,Gleichner,"68/25 Parisian Ranch","Suite 960",Legazpi,"North Carolina",Philippines,620-255-732,806-120-732,"Klocko LLC",bechtelar.com,Hydrologist,olive,2007-09-21,smertz@ruecker.com,F2O]856YlS(=abQ+
5494693e-c2bc-3c12-90c6-d64555f23053,Prof.,Dorcas,Ryan,"61 Toy Dam Suite 601","Suite 219","San Pedro","New Mexico",Philippines,815-418-777,042-993-631,"Heaney, Hermann and Lindgren",metz.info,"Training Manager OR Development Manager",lime,1975-07-04,domingo57@gmail.com,"jVc""m9"
e6af5068-3fb1-3142-9ef1-84099bde0f9f,Miss,Andy,Kautzer,"52/93 Crist Junctions","Apt. 435","Cotabato City",Vermont,Philippines,072-357-536,662-792-424,"Lesch LLC",gleason.com,"Psychiatric Technician",olive,1975-08-30,mossie08@gmail.com,5+I|71Pi*!8G(_I}f
6f0e49a8-f5f9-3642-93c4-c509e09748ac,Prof.,Birdie,Klein,"67A/33 Anderson Run Apt. 534","Apt. 226",Manila,Massachusetts,Philippines,125-222-793,218-592-952,"Rowe and Sons",pouros.com,"Chemical Engineer",teal,2013-02-11,jmarks@yahoo.com,"2h4O/Fk1G<:,y*"
5613e048-c8d3-318e-965c-8f0d9052738b,Mrs.,Laurel,Waters,"83/18 Mante Overpass","Apt. 207",Cabanatuan,Nevada,Philippines,084-848-629,942-379-634,Koch-Emmerich,lockman.info,"Cost Estimator",olive,2006-11-28,trantow.marjory@leffler.com,;fYOUv<*H:
1295a685-7851-3d31-855b-d21a73559bb8,Prof.,Harvey,Schuppe,"23A/86 Erdman Springs","Suite 166",Ormoc,Michigan,Philippines,999-234-659,281-190-375,"Fisher, Rempel and Fadel",douglas.biz,"Sales Representative",yellow,1985-12-25,connelly.davonte@gmail.com,"81$$l\Ia^&!AC{:"
5bae1cf1-a235-39f9-91b8-984aa1eb76e0,Ms.,Chris,Nolan,"80A Wolf Manor Suite 502","Apt. 107",Malaybalay,Florida,Philippines,388-412-598,579-706-083,Gorczany-Pfannerstill,murazik.org,"Stock Clerk",blue,2022-10-13,bernier.lucas@yahoo.com,-<zH&>g#j
6fdfd640-c247-3c61-bfd0-671da6aa73f2,Miss,Laurence,Wisozk,"66 Muller Forest","Apt. 028",Danao,Nevada,Philippines,255-774-074,123-979-848,Mueller-McCullough,skiles.biz,"Gas Plant Operator",fuchsia,1988-05-05,moen.elian@rice.biz,"\A48YJnw<X"
149c091a-2e08-3e60-a498-db7461e161bd,Miss,Donald,Roob,"53/16 Lang Avenue Suite 598","Apt. 049",Catbalogan,Illinois,Philippines,968-919-723,394-253-485,"Gusikowski Group",huel.info,"Embossing Machine Operator",silver,2018-11-06,sam52@hotmail.com,"IY^X'<h""J77Wt1o"
318ec88b-5a9c-3cb4-9280-6817ef364eea,Dr.,Chadrick,Lubowitz,"55A Jacobs Streets","Apt. 380",Tandag,Delaware,Philippines,907-223-948,122-334-210,Green-Bosco,mertz.com,"Dietetic Technician",black,2001-09-24,hhuel@gmail.com,"?*[PWAL=u""YZ"
c7997c9b-bd37-30a5-9b01-3d07b7a1b804,Mr.,Darrel,Russel,"68 Jenkins Park","Suite 011",Danao,Georgia,Philippines,130-719-463,694-058-466,"Rodriguez, Schamberger and Ankunding",rau.com,"Head Nurse",white,1993-06-07,jessie.shields@hotmail.com,}yhvSqZ-
db55887c-69e4-3a1e-8356-97c518dca293,Dr.,Gideon,Mayer,"71 Predovic Parks Suite 783","Suite 494",Cauayan,Illinois,Philippines,255-891-733,922-999-345,Paucek-Doyle,brown.com,"Production Planner",gray,2022-01-06,monahan.jaquelin@kuhn.com,"${Z\b$tj"
00a0d6f9-2538-34da-99bf-db74c02338b3,Dr.,Aileen,Blanda,"14A Keebler Street","Apt. 627",Makati,Wyoming,Philippines,102-161-692,393-791-605,Sipes-Kuvalis,krajcik.biz,"Telecommunications Line Installer",white,2008-10-25,mariah.bailey@yahoo.com,+A/BYBh
c7f4fd95-e205-3a9f-aa0d-401edb2393be,Dr.,Shanie,Wolf,"11A/46 Hermiston Point","Suite 379","San Jose del Monte","Rhode Island",Philippines,223-562-004,795-203-883,"Wintheiser, Funk and Bauch",kuhic.org,"Chemical Plant Operator",fuchsia,1975-01-19,mckenzie.itzel@yahoo.com,~0om]J_?c7qo/}Irk
09f17472-577e-316f-8c51-bf1e6948d26d,Mr.,Odell,Kshlerin,"72/23 Roberts Stream","Suite 598",Dipolog,Mississippi,Philippines,782-769-198,063-556-126,Jones-Grimes,hand.com,"PR Manager",navy,2014-03-20,waters.liza@daugherty.com,oZrpDj|!Sc4J?)
582075cf-aa7b-3e59-b96f-372812d62d9d,Miss,Alvena,Price,"76A Murazik Dam Suite 662","Apt. 789",Ilagan,Connecticut,Philippines,664-770-708,600-546-481,"Schinner, Rutherford and Buckridge",gerhold.com,"Floor Finisher",black,2022-12-05,jamal44@yahoo.com,J-yN/i
1dc5db9c-b298-36e5-9ef7-2d5266d4913c,Miss,Queenie,Mitchell,"13 Herman Stravenue","Apt. 384",Antipolo,Missouri,Philippines,809-348-713,452-652-899,"Gleason, Brown and Medhurst",bayer.com,"Set Designer",olive,2016-06-11,schuster.ettie@bogan.com,*/&0xHm$gs#BVT
c5e4825d-da56-356b-a8f4-496b302c64c7,Dr.,Stefanie,Hegmann,"29A/93 Ruecker Point Suite 289","Apt. 578","Santa Rosa","District of Columbia",Philippines,609-329-735,980-098-557,Medhurst-Schamberger,bashirian.org,"Computer Specialist",navy,1988-06-28,theo92@gmail.com,"tptCtrt""e<f%;+1J"
53465734-410a-3edb-9f4f-201c105d5ae3,Mr.,Ricardo,Douglas,"06A Hartmann Track","Suite 889",Ozamiz,Arizona,Philippines,436-410-440,633-165-415,"Kunze, Schaden and Buckridge",graham.biz,"Civil Engineer",lime,1987-06-28,lilyan84@maggio.com,"wZ/8LlOU?""G?!Y#:>C4d"
00483bef-5ef2-3ea0-8f20-98a21ad9dab8,Prof.,Cortez,Kutch,"75A/40 Marks Vista","Apt. 452",Sipalay,Pennsylvania,Philippines,622-337-466,973-929-159,"Marquardt, Homenick and Morissette",kozey.com,"Architectural Drafter",maroon,2016-07-06,dare.yessenia@greenfelder.com,/{pJLbdm
97a91053-f50c-36ce-a3a9-1dbac15fdf9f,Mr.,Beatrice,Brekke,"78 Pouros Junction Suite 770","Apt. 057",Naga,Oklahoma,Philippines,503-294-944,870-352-701,"Heller, Cremin and Prohaska",maggio.com,"Electrical Sales Representative",fuchsia,2021-03-16,mschneider@watsica.org,JzRJM6$_S.eaP3yZ
58bd1c75-9348-31ba-aa30-b466ff5b488a,Mr.,Taurean,Ferry,"86A/88 Bednar Plain","Suite 907",Cabanatuan,Alabama,Philippines,561-713-466,900-886-711,"Monahan PLC",torphy.com,"Dental Assistant",teal,1986-11-14,laurie02@hane.org,e2!<$/khMt/eMl
d1ed95cc-4369-3cee-88a0-ad4c2bc02671,Dr.,Elias,Runolfsdottir,"12A/28 Huel Street","Suite 974",Talisay,"North Carolina",Philippines,683-161-013,288-154-565,"Becker Inc",littel.com,"Nuclear Equipment Operation Technician",teal,2013-11-13,kertzmann.niko@yahoo.com,2>jx9q}9:;5tC*lOV0=
ccd274f4-f180-3439-87fd-c52a4dab8ac2,Miss,Syble,Bechtelar,"42 Harris Meadow Apt. 096","Suite 162",Tayabas,"South Carolina",Philippines,115-486-466,477-560-736,"Smitham, Homenick and Metz",marquardt.biz,"Industrial Safety Engineer",black,2018-08-16,ansley30@fritsch.biz,"F8J\Oz:~$8v3i"
98b0200d-caee-3b36-a9c0-89f92e6fe14a,Ms.,Jerod,Gleichner,"18A/09 Cormier Centers Suite 142","Apt. 601",Talisay,Nevada,Philippines,289-348-064,094-484-792,Aufderhar-Hansen,rath.com,Curator,white,1996-06-04,leif95@mcdermott.info,2%E);XCn
6d24f95e-ce46-368b-b976-8c17ff4564d9,Dr.,Eloise,Bechtelar,"14 Bednar Road","Apt. 791",Tacloban,"South Carolina",Philippines,144-104-982,228-510-617,Goldner-Lebsack,bashirian.com,"Sales and Related Workers",teal,1975-07-04,schroeder.alana@breitenberg.com,B)mdxS?k3C@ilt1
6fb34cc1-0050-333a-91cf-2790977bfe11,Dr.,Jewel,Osinski,"89 Wunsch Locks","Apt. 677",Malolos,Kansas,Philippines,580-113-834,328-773-243,"Considine, Blick and Lowe",cummings.com,"Professional Photographer",green,1998-11-18,feest.elouise@maggio.net,O'~l%2tK__
23578603-6484-3b31-a76d-243121ea7a73,Prof.,Edison,Aufderhar,"56 Macejkovic Port Suite 878","Suite 453",Tacloban,Arizona,Philippines,984-725-753,137-618-139,Bins-Crona,schowalter.com,"Insurance Sales Agent",blue,2005-09-13,josefa.metz@gmail.com,3+LKLr&rZ`HX$*og@Csq
dc7b738f-7dd1-30a1-87ae-8a2014b8eed5,Dr.,Ellen,Fahey,"05A/28 Gutkowski Ports Suite 503","Suite 295",Guihulngan,"New Jersey",Philippines,296-241-801,482-844-843,"Davis LLC",monahan.com,"Automotive Specialty Technician",yellow,1987-07-31,kglover@yahoo.com,"Y<\urO(8|I#"
2caab196-6676-327a-9f52-27854e651225,Dr.,Lenore,Walker,"71/90 Hirthe Estate","Apt. 041",Cabadbaran,Oklahoma,Philippines,697-734-991,711-458-806,"Legros, Blanda and Volkman",anderson.com,"Shear Machine Set-Up Operator",purple,1989-07-28,murray.cleve@hotmail.com,L&vDvvr5
ab5d1409-3e8c-3e8d-9a3d-b717ea75f277,Miss,Astrid,Cummerata,"20A Breitenberg Unions Apt. 063","Suite 255",Samal,Wyoming,Philippines,817-860-896,324-335-588,"Fadel, Sawayn and Emard",dickinson.net,"Immigration Inspector OR Customs Inspector",gray,2019-11-15,thackett@ullrich.com,"c#Ows,]'?q]X3JP:"
9886d78f-ee16-3882-9086-8accc5c5d89d,Prof.,Krystal,Moen,"03A/20 Ferry Plains","Suite 680",Parañaque,Vermont,Philippines,292-923-903,587-392-359,Bednar-Hermann,marks.com,University,olive,2021-11-20,oconner.zechariah@pfeffer.info,"e4ME!-ey\G=0bYp)Q^d"
c815321a-84ca-3809-8fb4-9eea8f4c7218,Mrs.,Aaliyah,Jacobs,"46 Fadel Ridges Apt. 207","Apt. 695",Talisay,"South Carolina",Philippines,780-634-685,252-256-115,"Koch and Sons",fritsch.com,"Physical Therapist Aide",navy,1991-03-20,britney.nolan@yahoo.com,+5Hor0J3M
7934e9fc-ea0a-3236-b1bc-6b8881b80a22,Mrs.,Abbigail,Ratke,"87/76 Hackett Rue Apt. 622","Apt. 376",Palayan,Tennessee,Philippines,766-412-223,600-320-827,"Stokes Inc",aufderhar.biz,Biochemist,navy,2014-04-20,verna.roberts@hotmail.com,*x5Ir5#~=rg['.-d
3b8033a2-6ed7-39d2-a646-75e9e9393f8c,Mrs.,Orrin,Leuschke,"15A Beer Stravenue Apt. 614","Suite 785",Samal,Utah,Philippines,644-448-278,140-208-985,"Heller, Murphy and Stehr",kerluke.com,"Airfield Operations Specialist",yellow,2021-02-21,agleichner@yahoo.com,ibTYM`eLX
930e0221-702f-3065-854d-fa9643ff4a15,Prof.,Ahmad,Kulas,"35 Gleichner Freeway","Apt. 295",Butuan,Idaho,Philippines,186-200-706,905-671-394,Mohr-Glover,wintheiser.com,"Fishery Worker",yellow,1989-09-04,schinner.jordon@yahoo.com,|)syD%:1
e5c4a4a5-c38d-3c21-9f28-79196fee41a3,Prof.,Stewart,Blanda,"98A/76 Zieme Roads","Apt. 880",Legazpi,Tennessee,Philippines,369-097-607,196-272-848,Fritsch-Hudson,kuhn.com,"Graphic Designer",blue,1971-02-26,qgrant@cronin.org,MD{&sb=ez1mC3~#
5264cd1e-0f5f-3743-8b38-8ef30f6f1da3,Dr.,Hope,Dietrich,"44 O'Hara Knolls Suite 828","Apt. 127",Catbalogan,Vermont,Philippines,089-226-301,046-691-446,"Shields, McClure and Bins",runte.com,"Washing Equipment Operator",black,2017-11-23,berge.kianna@yahoo.com,ARaQMu:b3Nb
7b7ef146-df8e-3420-bb9f-adb888b8f951,Dr.,Evan,Cronin,"27A Walter Trail Apt. 365","Apt. 445",Koronadal,Alaska,Philippines,638-264-548,500-334-786,"Fahey Inc",kautzer.com,"Information Systems Manager",lime,1978-03-12,wnolan@crona.com,n:?ZdAXol>
9b26712f-5328-3cd5-b04a-a9ada7bf36eb,Mr.,Ari,Fadel,"06A/40 Williamson Drive","Apt. 301",Taguig,Arizona,Philippines,311-038-396,702-286-244,"Dietrich, Feeney and Witting",purdy.info,"Data Processing Equipment Repairer",maroon,1989-09-24,abigayle18@conn.com,ci[i_rbgc^Xt$?<x
605b30b4-984c-35ca-a967-dfa28f8c7ba2,Prof.,Darby,Borer,"93A Kuhn Path","Apt. 139","Trece Martires",Alaska,Philippines,707-644-023,795-546-465,"Wisoky Group",abbott.com,"Deburring Machine Operator",fuchsia,1997-10-03,coy62@fahey.com,"%[|k'a8""(bcsVd#?yJ"
745866d3-e56d-306a-a555-ab02115972c9,Mr.,Alexane,Rippin,"67/45 Gottlieb Dale Apt. 610","Suite 170",Naga,Idaho,Philippines,956-855-571,362-163-184,Torp-Smitham,schaden.com,"Instructional Coordinator",purple,1997-01-31,hudson.katlynn@gmail.com,Y3i:=Co|X~~6X
eea81820-4739-3b08-b965-5af0733e6c8c,Ms.,Elliott,Zboncak,"18A Hyatt Hills Suite 764","Suite 115",Biñan,"South Carolina",Philippines,013-876-892,888-688-806,Barrows-Schimmel,farrell.com,"Writer OR Author",fuchsia,1994-10-26,judge.funk@yahoo.com,}yPRT{5R+#O
160c44c8-a9b0-33cf-ae5a-a580977abc93,Mrs.,Ford,Sipes,"29/50 Keebler Circle","Apt. 872",Batac,"North Carolina",Philippines,331-080-402,572-761-200,Grimes-Paucek,funk.com,"Engineering Teacher",blue,2016-04-10,kgibson@terry.com,"ypy!lpOai]\a(8\M]21"
fa4764f3-c4cd-3965-8c8b-be37fa738213,Prof.,Madalyn,Huel,"84 Price Heights","Suite 955",Iligan,Connecticut,Philippines,427-382-466,327-176-624,"Huels, Beer and Connelly",crist.com,"Veterinary Assistant OR Laboratory Animal Caretaker",silver,1972-11-19,marta.feeney@yahoo.com,[0hI3f.b
3fc8a25a-3999-3174-9c51-07bc4efaf771,Mr.,Sylvan,Orn,"49 Stehr Springs Suite 838","Apt. 681",Butuan,Missouri,Philippines,635-253-654,072-976-903,"Green PLC",okuneva.com,"Postal Service Mail Carrier",teal,1972-05-13,annalise.lehner@balistreri.com,}7nNf@d|FmN*p$f
a53048b2-9977-32a4-af6d-3c5ce306b164,Mr.,Elisha,Waelchi,"64A Roberts Falls","Suite 711","San Fernando","North Carolina",Philippines,874-768-249,365-045-450,"Satterfield Group",maggio.net,Healthcare,green,1985-04-10,murray.soledad@gmail.com,0zK!iHG}=
a14ad7ac-53e2-34fa-bb0d-966f458ab709,Prof.,Cleveland,Olson,"69/48 Altenwerth Radial","Suite 170",Malabon,Oklahoma,Philippines,806-035-153,796-613-278,"Jones Group",jakubowski.biz,City,lime,1986-01-11,andreane.farrell@stracke.com,+cCh.N6)a.c
62407ec1-d9e3-342e-89f4-9a2c25d9cb93,Miss,Markus,Senger,"64A Conn Divide Suite 307","Apt. 828",Tacurong,Massachusetts,Philippines,523-136-354,488-962-216,Kerluke-Herzog,flatley.com,"Supervisor of Customer Service",yellow,1982-01-14,elissa.hyatt@wuckert.net,"<Oc,fA~>&$-f2dM"
64945a10-f4be-3dbb-b04c-4b02172cdc7e,Mr.,Nannie,Gulgowski,"76 Nolan Estate Apt. 141","Apt. 563",Navotas,Maine,Philippines,390-898-373,592-292-036,Lynch-Greenholt,hagenes.com,"Nursing Instructor",white,1980-03-01,wjohnson@trantow.com,"<so2/TKI""ZJ3|i"
f9954b22-0e86-3b31-8d8a-2fbf4323340a,Dr.,Cooper,Leffler,"77 Feeney Meadow","Apt. 300","Zamboanga City",Alaska,Philippines,500-104-506,773-484-542,"Ritchie, Klein and Ryan",wunsch.com,"Healthcare Support Worker",purple,1984-03-26,maggio.oswald@mccullough.com,ge*{OO6DzA
0f25c726-7bba-3a75-b841-c6b3ba9426c4,Mrs.,Isadore,Rodriguez,"87/98 Skiles Court Apt. 324","Suite 355",Borongan,Hawaii,Philippines,716-793-727,898-130-037,Willms-Nitzsche,hills.info,"Extruding and Drawing Machine Operator",fuchsia,1997-12-06,mathias39@leuschke.com,"Ic\hm\|"
0109f038-032d-389b-a23a-7292ec9940d4,Prof.,Jessika,Trantow,"96/81 Kuhlman Shore Suite 479","Apt. 539",Malolos,Connecticut,Philippines,232-361-827,644-147-626,"McLaughlin LLC",emard.org,"Chemical Engineer",purple,2011-07-13,brussel@gmail.com,R_5%lI(@TzA*ALJpMv/a
588ed8b6-f151-3895-890f-3a289a28e58c,Prof.,Alberto,Rath,"98/59 Reynolds Port Suite 141","Suite 816",Carcar,Illinois,Philippines,705-225-439,360-056-103,Koch-Bogan,gottlieb.com,"Order Clerk",silver,1976-04-16,craig34@yahoo.com,".~]&b\lUl49""Hyy[s"
ecfb66b5-e4a4-37f5-93eb-e6f0089623f4,Dr.,Tyrell,Breitenberg,"19 McGlynn Station","Suite 430",Muñoz,"New Jersey",Philippines,623-271-389,942-177-200,Mraz-Terry,ratke.com,Epidemiologist,maroon,1991-09-24,marta13@yahoo.com,gBnut~VeF<bF
0b7ac9df-92e5-31a5-a7d7-0876a97c7c95,Prof.,Triston,Lindgren,"38A Torphy Green Apt. 458","Apt. 897",Lipa,California,Philippines,239-535-732,181-397-430,"Kihn, O'Hara and Upton",larkin.com,"Continuous Mining Machine Operator",silver,1983-06-03,eldridge.pacocha@fay.com,D8A=I%>]!Y~utK`Gwm3V
da81f4b7-c432-38ff-b347-524dec0a8f41,Prof.,Katharina,Bogan,"21A/20 Romaguera Knoll Apt. 031","Suite 681",Tabaco,Tennessee,Philippines,383-171-834,775-010-319,"Wisoky, Torp and Mayert",nitzsche.com,"Broadcast News Analyst",lime,2019-05-13,mraz.amparo@gleichner.org,x'WCaU?2ghf@s$&S{r|u
3ff77c4d-74d8-3be3-8be6-0c218dbeb142,Prof.,Rogers,Lemke,"35A/91 Stroman Cliff","Suite 499",Toledo,Tennessee,Philippines,076-630-113,630-821-704,Weissnat-Hills,barrows.com,"Insurance Policy Processing Clerk",fuchsia,1978-09-23,lmosciski@legros.com,"P]kZTKS8N\Pu#sGe"
a6c00f0f-1d35-3216-a342-9b216e012d56,Dr.,Aleen,Goldner,"30/44 Stracke Pines Apt. 259","Apt. 120",Samal,Alabama,Philippines,831-392-695,806-193-754,Schroeder-Dickens,lowe.org,"Pewter Caster",purple,1985-12-02,eluettgen@reinger.com,eyYm4nUt5
7f79c418-0d6a-331c-9dc4-c2e444060a1e,Ms.,Zion,Turcotte,"92/16 Durgan Corners","Suite 787",Malaybalay,Michigan,Philippines,186-261-546,728-088-527,"Powlowski LLC",spinka.info,Brazer,purple,2010-07-01,miller.nickolas@koch.com,Z5*}L%:>P[#z^
3bb6dd7c-e64a-3b2c-93df-8847f8c203ab,Mr.,Keira,Hackett,"98/98 Dicki Way","Suite 237",Tuguegarao,Pennsylvania,Philippines,615-000-588,651-692-110,"Purdy, Huels and Predovic",osinski.com,"Prepress Technician",teal,2009-10-06,dzboncak@kuvalis.org,eoJV^.0d[_Hl[j`Y54V`
65b44672-8633-3ce9-b1c3-71015994940d,Ms.,Bryana,Reichert,"47A/36 Douglas Grove Suite 733","Suite 960",Sipalay,Massachusetts,Philippines,486-906-627,651-525-673,Glover-Kulas,lesch.com,"Coremaking Machine Operator",gray,2014-11-25,jconsidine@hotmail.com,UU+A'Moc[qQO/rV&PO&
98b23ac1-57bc-3406-a4da-db8ddd7ec7ab,Dr.,Stephany,Ritchie,"16 Weimann Club","Suite 697",Calbayog,Missouri,Philippines,083-158-595,765-153-273,"Hermiston LLC",christiansen.com,"Pewter Caster",lime,1996-06-18,virgie03@yahoo.com,)|_^t&w]0(;Z
